date,conflict,NY.GDP.PCAP.KD,NE.CON.PRVT.PC.KD,SL.UEM.TOTL.ZS,FP.CPI.TOTL.ZG,BX.KLT.DINV.WD.GD.ZS,NE.TRD.GNFS.ZS,NE.GDI.TOTL.ZS,SL.EMP.VULN.ZS,SE.PRM.CMPT.ZS,SE.SEC.ENRR,EG.ELC.ACCS.ZS,SH.H2O.BASW.ZS,SH.STA.BASS.ZS,IT.NET.USER.ZS,SI.POV.DDAY,SE.ADT.LITR.ZS,SP.DYN.LE00.IN,SP.DYN.IMRT.IN,SH.DYN.MORT,SH.STA.MMRT,SH.IMM.IDPT,SH.IMM.MEAS,SH.XPD.CHEX.GD.ZS,SH.XPD.OOPC.CH.ZS
1989-01-01,,,,,,,,,,,,,,,,,,,,,,,,,
1990-01-01,32.025629002324294,0.9288879006783546,1.470689441753592,,1.139555872275949,0.059889341009949915,0.04711772496249722,-0.37162566775139894,,-0.8358612060547017,3.2872390747071023,,,,,-0.20000000000000284,0.5599975585937926,0.15098478680140204,,,-2.5253867321203494,7.6637177070007,5.6203662972884985,,
1991-01-01,-14.280036677511227,-0.45236683760965235,-0.1967624552568381,,0.9334778255549807,-0.32843761409791594,-0.3385155198661991,-0.6925778020951014,,-0.9166336059570028,0.38418960571289773,,,,,-0.29999999999999716,0.43000030517580967,0.19531953484759867,0.0,-0.6437790474848271,1.0178204915756162,-4.124227976552007,-3.87410729349169,,
1992-01-01,-11.965118912140827,0.4109102380519758,1.1093810903673784,0.15609424487564993,-1.3608302115735702,-0.024748824146138992,2.884571650962698,-0.6176784942885014,0.011624876979603016,-1.0992660522460938,1.0925102233886008,,,,,-0.6000000000000014,0.45000457763669033,0.24381134665100035,-1.0997754209540744,-0.6479504310986428,0.0,-1.4081102064039897,0.574654270621096,,
1993-01-01,-4.100347069223859,0.2535150222330529,0.5039363549224518,0.2681247518410803,-0.49152145460716934,0.16392836454985404,-0.4754344705011988,-0.553477534396599,-0.017896293970402155,0.1158447265625,-1.0116386413574006,,,,,-0.3999999999999986,0.4599990844725994,0.19504934655530803,-1.2718772407774637,-1.308633724289443,-1.530642128267612,-0.10698714455560321,0.5505962373585049,,
1994-01-01,239.18396509295522,1.824136598232684,1.5314363648148088,0.24562276577908015,3.1033484868493293,0.09615513277966503,0.8469842960607039,0.3189262233535004,-0.0659815919761968,-0.7427444458008097,0.9086875915526988,,,,,-1.3999999999999986,0.4499969482422017,0.2158848464981986,-1.7756721589259783,-1.8837122086443614,-1.8158735011870597,2.3843532321542966,1.5858295360456935,,
1995-01-01,-258.82685167129245,1.6238438739229366,1.3472834986288262,0.1302401414250598,-1.1705546032309897,0.17065142782309595,1.7232094240425013,0.0229446426113995,-0.10838811517260183,1.2883758544922017,0.8406600952149006,,,,,-1.3000000000000043,0.45000457763670454,0.24227594165509458,-1.9737482838320553,-2.148188881589963,-2.921854599914031,0.3787822814176991,1.8068019015258017,,
1996-01-01,32.16108328866397,2.033195901415219,2.129800558542705,0.06427321630603977,-2.5512852586551196,0.11166129258308,0.08268216904119896,-0.20070335067730127,-0.1582919949654027,-0.7254562377928977,1.1427917480469034,,,,,-1.2999999999999972,0.43000030517579546,0.3145351889261008,-1.1696039763191557,-1.2651117553558855,-1.3568729206069108,-0.8192097378915975,-0.14621119292100104,,
1997-01-01,-29.535406902817556,2.4552118416240276,1.9149292171483978,0.0264385548292303,-0.9719658042317407,0.36417299759673005,1.8089521415490992,-0.21542035027569995,-0.18142525570749513,0.23576354980460223,0.9506111145018963,,,,,-0.3999999999999986,2.0,0.31549815694380356,-2.3810648693718406,-2.46058108022007,-2.2100347000665543,-0.879606768145095,-2.1031994788362027,,
1998-01-01,-9.005892184968442,1.3056616755134698,1.6876909034653664,0.14894952863128985,-0.45683839617962985,0.8207326466396399,0.6574220715753967,-0.42236019068559827,0.024476106695999533,0.44835662841799717,0.9847488403320028,,,,,0.19999999999999574,1.219993591308608,0.2357046040431925,-1.911439602331555,-1.795380361659582,0.5571045049455492,-0.10167791413040561,-0.5786977106404976,,
1999-01-01,49.64240966860387,2.1187123578211953,2.573150664183821,0.11929190132328049,-2.05534482236909,1.18709533787194,0.4691345064943988,0.13012958453660062,-0.19434976740720344,0.5245895385742045,-0.03692245483389911,1.3072774355470926,,,,-0.6000000000000014,0.3800048828125,0.24555890162230298,-3.390155167568132,-4.192969313812345,-5.715841383994835,0.4359125497507961,0.7015985606561941,,
2000-01-01,-8.966973457182464,3.10220615870076,2.949569792354012,-0.16710625606232998,0.3915689632423103,0.94486078355003,4.360187277683302,0.35928631860310034,-0.17414107430290215,0.30055999755859375,1.0128631591797017,3.7171067498547075,,,,-1.0999999999999943,0.22000122070309658,0.33828358748120024,-3.321338498707016,-3.4596659879880143,-3.593200922606332,0.5087067016843037,0.26834247469750494,,
2001-01-01,-92.07665207118072,0.6681580498979045,1.2435897474251334,0.07854588088839964,0.40305698633778997,-1.94105452275313,-1.1094568323681955,-0.8075494031331019,-0.30141498278289447,0.7905349731446023,0.799278259277294,0.49384489435099965,0.33755432462881174,0.8166190699862028,,-0.9000000000000057,0.25,0.2947074172240036,-2.6617540999955835,-3.179075664949682,-2.157248525412836,0.7047913975442981,0.9794649398221082,0.38622009212654973,-0.3364826606008009
2002-01-01,7.973417275340805,0.981056979670214,1.2760704535091705,0.22200742339134028,-0.9285757346478101,-0.5192482882368199,-0.00781685714530056,-0.6366919394255,-0.19318242949750442,0.5734252929687074,1.3453292846680043,0.3855489838820887,0.6363538021589932,1.7561753438789012,,-1.5999999999999943,0.3699951171875,0.28618278442719713,-3.9297787414370067,-4.121462430346323,-3.164821095078185,-0.29599890490369773,-0.45112985201500067,0.34634520601844976,-0.2585229331738006
2003-01-01,-3.859640349326543,1.7373597181491007,1.4740208898087914,0.07210378768663972,0.11704837664473988,-0.27853540478802996,1.6522377060693998,0.17335299012350092,-0.08597678347819482,0.25067901611329546,0.7825202941893963,0.8641125583424127,0.4977647580007982,1.0804543487220002,,-1.5,0.48000335693359375,0.28441519496929857,-3.8819991849581736,-4.298656084350583,-3.2682647430358536,1.6587351230326988,1.632254686023387,0.1495033377211108,-0.04811039948230089
2004-01-01,-11.94536474164234,3.110562110373216,2.41065846127384,-0.15422949474643044,0.4929537684736003,0.36478956948071994,3.5392489668642,0.6677148683292984,-0.4029485095941041,0.6383972167969034,1.052150726318402,-0.012764366920805514,0.49468971843380416,1.1306942526284942,,-1.9000000000000021,0.33999633789071027,0.25531525775170394,-3.605904981570296,-3.7289928245472836,-3.378699757738257,2.0267790417748017,1.9689374424032025,-0.1079785487248408,-0.009621904282997917
2005-01-01,-56.804403840070805,2.707765031860454,2.5893346508688353,-0.1058056552415998,0.5892516761633502,1.03483804651625,2.0249780926003993,0.36445712728060187,-0.4252737230908963,0.8322448730467897,0.9601707458496023,0.748868796711605,1.290340433019594,1.1682210436055058,,-2.0,0.010002136230397696,0.3403474376938931,-4.868217863938806,-5.465841253786419,-2.787636952825512,0.8708125371199031,1.4285955839100097,-0.06963647830542996,0.1373556775875997
2006-01-01,28.401265297992172,3.1200032063901872,2.336957301237419,-0.25016819890277997,0.1599239267433301,0.9600133337600201,2.1429941436619018,0.5477833128784013,-0.46829831747530193,0.3003845214844034,0.9571380615233949,0.6521512921985959,0.4618296822027048,1.1745225015938985,1.5999999999999996,-1.3000000000000007,-0.04000091552730112,0.35755626692260023,-4.167269640056803,-4.430585172210311,-2.504603192608812,1.181215210783492,1.709286067643788,-0.08570539919294973,0.12743676561730055
2007-01-01,1.9250846300028268,3.074787411843616,2.7123866076193437,-0.19891173793772943,0.5430624095264793,1.0597384765798097,0.3797318167082935,0.45905536213599873,-0.3838983351215006,1.1743469238280966,1.4775390625,0.617845471596496,0.45620348952479617,1.1967484379990978,3.0,-1.6999999999999993,0.5900039672850994,0.3359755984249091,-3.8558993603682534,-4.460430623675382,-2.5689486115310523,-0.0027442700238964335,0.403153670879405,-0.1604560964094901,0.08618054513040008
2008-01-01,30.019332544672082,0.8024354154805735,0.5457867770669367,0.049278436670489256,4.13971631010475,-1.553068173622,1.580284014136602,-0.006018911119699766,-0.3765721314577988,1.7063369750976989,1.4972686767577983,0.6968457070938996,0.4635100345555969,1.2023158599110033,2.6000000000000014,-1.1999999999999993,0.3600006103515909,0.19934578570028805,-3.7551345652132806,-4.118755840661503,-1.8762276455523086,2.6159258172286997,1.6286112777339952,-0.00432086505766982,-0.009620333534602565
2009-01-01,24.85861590388609,-2.5945402411855056,-1.4325713318367406,0.5853742206768802,-6.08950479450713,-1.2950714560153398,-8.428306301914098,-2.0367149924899017,0.004527133294097041,0.8030242919922017,1.0567245483399006,0.19740739414879727,0.44581704349910467,1.192795360976291,2.5,-1.0,0.31999969482420454,0.3760255078018133,-3.1090587070031095,-3.3460370563681785,-2.2989518224698635,2.0537588146555947,2.414887209316902,0.73275506364193,-0.6310322448272991
2010-01-01,-41.58389062043358,3.2045285792648315,2.08927253761626,-0.12837664268917948,0.4658960746596903,0.27760165536858983,4.298495058599599,1.203278391454301,-0.24474096596220107,-0.4847412109375,1.5471725463867045,0.5813306618643992,0.4352451763819971,1.1878113104851025,3.099999999999998,-2.1000000000000014,0.5699996948242045,0.30228165365228676,-3.480940466586091,-4.445176257083361,-1.9570096194096998,0.5465224795597123,0.6976956394205018,-0.3339761609781995,0.25031846781620004
2011-01-01,18.453418832125134,2.0418427181255083,1.9171207641166532,-0.13212304897741056,1.4742913080076194,0.45276893700119025,3.1178873053495977,0.7227711766871003,-0.47393198938529935,-0.7479782104491903,0.9561233520507955,1.058715788937107,0.35168708315400465,1.0885638818020027,2.5,-1.8999999999999986,0.33999633789069605,0.2861720439906037,-2.203945956629161,-2.1978906718775004,-2.40011520995429,1.1010082768520988,0.5683458691068068,-0.14161706542496155,0.08634834616210085
2012-01-01,75.41945048669133,1.4514748299079727,1.1874600448036787,0.003033687034310617,-1.0753092805875895,-0.50330690943668,-0.015349368223098736,0.137617989371698,-0.5462907067106997,0.3144073486327983,0.803466796875,0.4302833589259052,0.4132105250536995,1.1827802770073959,2.3999999999999986,-1.3000000000000007,0.20000457763670454,0.2957514744953045,-5.437677087807158,-5.822850489979325,-3.2924784696466425,-0.7352339858194057,-0.6478990857713001,0.012005542640290301,0.23226136133509812
2013-01-01,22.150604986017548,1.6173125668384358,1.4612635705052668,-0.052753612578700704,-1.07365323194069,-0.004440910594080361,-0.664557824280898,0.10987683955310246,-0.17165962026300008,0.22314453125,1.3299865722656108,0.774535135278299,0.4110965969716034,1.286187505008101,2.0,-2.3000000000000007,0.29999542236329546,0.268934432801899,-2.6827242233144144,-3.4861918166218864,-1.6878037787352085,-0.3678226939212976,0.1104454201825007,-0.03329363033084931,0.18554879930760038
2014-01-01,26.037627308599482,1.9136543349210555,1.7165290638295971,-0.1418738461911495,-0.25795745706781004,-0.2371079447217097,-0.6040249169409009,0.28243446076199774,-0.35101272919519744,-0.18399047851559658,0.8891525268554972,0.48484672935619244,0.4070911387397018,1.1840393487548084,2.1000000000000014,-1.0,0.34999847412110796,0.24289800655660088,-3.0677252247047093,-2.6967926427507116,-1.7167803622365696,1.0027147323680907,0.32480897372688844,0.10400833454606051,-0.2707664712364988
2015-01-01,-15.101772167749072,1.8957251895487914,1.8753010447747798,0.041037543334399906,-0.9566921627414102,1.20123692267149,-2.4085923040778,0.045068814207500196,-0.3983568031343978,-0.2579040527344034,0.041015625,0.7288293231565035,0.4051057795541908,1.1879227622668935,2.5,-1.0999999999999996,0.40000152587889204,0.18925090242800024,-1.8868484304383148,-2.3042494147154535,-1.3072081567352178,0.1726231804247078,0.4141445706474087,0.2706517979484193,-0.29659660058739945
2016-01-01,-13.484503576324924,1.5873168767486234,1.8400324710528437,-0.027625318876610017,0.15988846647549004,-0.08925551147579025,-1.827291115804897,-0.2582354935396971,-0.2598358725898038,0.5937118530273011,0.2230987548827983,1.1807299629553967,0.39869701450899697,1.1823482455097007,3.700000000000003,-0.8000000000000007,0.31999969482420454,0.22018525891289187,-2.898753687325195,-2.837069712921503,-3.5718082602079093,1.0805840177168022,0.3469350533080018,0.12097704477742965,-0.27729417147310187
2017-01-01,-3.773578035512526,2.258315412372447,2.3267869163843713,-0.07285938815643966,0.6262310386569498,-0.8054426297293498,1.6642802435112003,0.45521332859439667,-0.23774922973199608,-0.2599716186523011,-0.24105834960940342,0.827615676481301,0.3482920237752012,1.077772300908208,2.6999999999999957,-0.7999999999999989,0.19000244140619316,0.18047386722560077,-1.9802627296179764,-1.9371065756000228,-2.2989518224699523,0.005515118111290462,0.27815245782188924,-0.12028825663522014,-0.10781438106759822
2018-01-01,-24.995887413370937,2.1577193612740686,2.1088056625655938,-0.1384823616059503,0.21943998243918017,-1.4828849116654401,1.5345246260720984,0.5403808272504023,-0.2368589416185003,-0.15048980712890625,0.5935516357422017,0.8654653015843081,0.39979825805190217,1.1614377995358893,3.1000000000000014,-0.7000000000000011,0.2900009155274006,0.2779440896553069,-1.3423020332140823,-2.225060893481956,-1.8779894651595797,0.6464660504050102,1.0896281438896125,-0.09036507690215956,0.0734074369899993
2019-01-01,-14.14538746695467,1.5980093371778636,1.398892894288295,-0.17106192418003996,-0.23651023911292013,0.9214510403483198,-1.1889781870072014,-0.09778218956050111,-0.03605541048350602,-0.16372680664069605,0.4077911376952983,0.3077858834622873,0.38105373610559923,1.1396083859437027,4.5,,0.029998779296803946,0.22567034887289594,-1.3605652055778794,-1.0050335853501569,-1.9139340210697853,0.19401516264200325,-0.18449813496060585,0.11545086127732063,-0.16195874211859973
2020-01-01,27.330076055111608,-3.910080033960206,-5.575015628241964,0.9992097533824698,-0.3009758373402398,-0.8190000000625399,-3.9331074083738997,-0.10669125980649952,0.5469261864495039,0.15404510498049717,0.5565490722655966,0.2905831966413075,0.37252324400240866,1.108937155159495,6.200000000000003,,0.19000244140629263,-0.6867071857352016,-0.34305350967889225,-1.0152371464017929,1.9139340210697853,-3.2136413749888106,-2.353486379600497,1.0548908565410287,-1.5374502249748012
2021-01-01,80.49816406985587,5.450365091291687,6.444170453620401,-0.5421284772031703,1.5703059824237398,1.1843123654662902,4.631379664657096,0.7798793130616986,-0.05739810194049966,0.6580734252929972,0.789451599121108,0.9389676278820929,0.4060584675370933,1.0754254034149113,3.6999999999999957,-0.09999999999999964,0.18999481201170454,-0.967125991591189,0.6849341845574841,1.0152371464017929,13.707959268062009,-1.4750519717655948,-1.8390496389886977,-0.45262102958569983,0.5397375512726015
2022-01-01,29.356217035745203,2.51490211815657,3.1381681562340447,-0.8109329108662893,4.606291867321069,-0.6750941505764401,5.648077786246603,0.23663396216580068,0.012005090217996894,2.3542861938475994,0.20433807373049717,-0.0567407399096993,0.43137512381039755,1.0956122875683008,3.200000000000003,-0.40000000000000036,0.22000122070309658,1.7528805217755945,0.0,1.0050335853501569,-17.57317471148996,3.0078301216247922,1.6516698329958928,-0.287271218487799,0.27462097209760117
2023-01-01,-63.278062042791085,1.8925768736426818,2.5025505104276036,-0.3847108332512805,-2.2822539963001995,-0.9733421487917391,-4.081176974288098,-0.8161927625468977,-0.19206870271720078,-3.736129760742088,-0.26438903808589487,0.32170257803240077,0.36668116912279913,1.0968962392447992,2.200000000000003,-0.3000000000000007,0.19000244140630684,0.3612644798322009,-3.1198370855861413,-4.342955792733605,-3.000225030379866,-0.5890377062814878,-0.6791489491391047,0.054690323779899686,0.08559824570619767
2024-01-01,8.959242011608326,1.8963349923808437,2.014801232737007,-0.043637369731359676,-2.7849653041396296,0.4926187677825291,-1.3430486105823007,-0.3700556129863024,-0.1728241790507994,0.7045059204100994,0.042350769042897696,0.3230081373442033,0.23036187261340046,0.6160866882715936,2.0,-0.1999999999999993,0.15999603271480112,0.1515953888279995,-2.495673197386772,-2.377919176611387,,0.2900914120641005,1.2891553225753114,,
2025-01-01,25.648421248480634,1.968113496887014,,-0.01494669213373001,0.02693744578541013,-0.10171606357892005,11.769232539134102,,-0.10211524781959724,,,,,,2.3999999999999915,,,,,,,,,,
