date,NY.GDP.PCAP.KD,NE.CON.PRVT.PC.KD,SL.UEM.TOTL.ZS,FP.CPI.TOTL.ZG,BX.KLT.DINV.WD.GD.ZS,NE.TRD.GNFS.ZS,NE.GDI.TOTL.ZS,SL.EMP.VULN.ZS,SE.PRM.CMPT.ZS,SE.SEC.ENRR,EG.ELC.ACCS.ZS,SH.H2O.BASW.ZS,SH.STA.BASS.ZS,IT.NET.USER.ZS,SI.POV.DDAY,SE.ADT.LITR.ZS,SP.DYN.LE00.IN,SP.DYN.IMRT.IN,SH.DYN.MORT,SH.STA.MMRT,SH.IMM.IDPT,SH.IMM.MEAS,SH.XPD.CHEX.GD.ZS,SH.XPD.OOPC.CH.ZS,population,conflict_deaths,conflict_rate
1989-01-01,6741.21559672441,3860.36650143603,,6.92390503711238,1.02623213912611,38.0541225410945,26.94066139777,,83.341438293457,49.9161109924316,,,,,43.6,74.0699996948242,64.9575716318237,,,401.0,68.3690791106126,67.1159713850837,,,5207378374.0,68311,1.311811723555005
1990-01-01,6804.1256624154,3917.56004279745,,8.06346090938833,1.08612148013606,38.101240266057,26.5690357300186,,82.5055770874023,53.2033500671387,,,,,43.4,74.629997253418,65.1085564186251,64.0,93.5,391.0,76.0327968176133,72.7363376823722,,,5298962018.0,95752,1.8069954016416956
1991-01-01,6773.41556784101,3909.85933400739,5.11944100527764,8.99693873494331,0.757683866038144,37.7627247461908,25.8764579279235,48.7960171880248,81.5889434814453,53.5875396728516,,,,,43.1,75.0599975585938,65.3038759534727,64.0,92.9,395.0,71.9085688410613,68.8622303888805,,,5388203305.0,84408,1.5665333177327094
1992-01-01,6801.30548790075,3953.47606466531,5.27553525015329,7.63610852336974,0.732935041892005,40.6472963971535,25.258779433635,48.8076420650044,80.4896774291992,54.6800498962402,,,,,42.5,75.5100021362305,65.5476873001237,63.3,92.3,395.0,70.5004586346573,69.4368846595016,,,5476822930.0,76121,1.3898751333193093
1993-01-01,6818.5696934514,3973.44935189738,5.54366000199437,7.14458706876257,0.896863406441859,40.1718619266523,24.7053018992384,48.789745771034,80.6055221557617,53.6684112548828,,,,,42.1,75.9700012207031,65.742736646679,62.5,91.1,389.0,70.3934714901017,69.9874808968601,,,5564459142.0,74232,1.334038009906552
1994-01-01,6944.09107891381,4034.76853390953,5.78928276777345,10.2479355556119,0.993018539221524,41.018846222713,25.0242281225919,48.7237641790578,79.8627777099609,54.5770988464355,,,,,40.7,76.4199981689453,65.9586214931772,61.4,89.4,382.0,72.777824722256,71.5733104329058,,,5650534421.0,824177,14.585823899009924
1995-01-01,7057.77278518959,4089.49614477855,5.91952290919851,9.07738095238091,1.16366996704462,42.7420556467555,25.0471727652033,48.6153760638852,81.1511535644531,55.4177589416504,,,,,39.4,76.870002746582,66.2008974348323,60.2,87.5,371.0,73.1566070036737,73.3801123344316,,,5736205135.0,62876,1.0961253741843386
1996-01-01,7202.73987066597,4177.52838444722,5.98379612550455,6.52609569372579,1.2753312596277,42.8247378157967,24.846469414526,48.4570840689198,80.4256973266602,56.5605506896973,,,,,38.1,77.3000030517578,66.5154326237584,59.5,86.4,366.0,72.3373972657821,73.2339011415106,,,5822327903.0,88030,1.5119382052433332
1997-01-01,7381.77119872805,4258.29594880354,6.01023468033378,5.55412988949405,1.63950425722443,44.6336899573458,24.6310490642503,48.2756588132123,80.6614608764648,57.5111618041992,,,,,37.7,79.3000030517578,66.8309307807022,58.1,84.3,358.0,71.457790497637,71.1307016626744,,,5908180322.0,66484,1.1252872521923003
1998-01-01,7478.78410824619,4330.77269360054,6.15918420896507,5.09729149331442,2.46023690386407,45.2911120289212,24.2086888735647,48.3001349199083,81.1098175048828,58.4959106445312,73.2005808465702,,,,37.9,80.5199966430664,67.0666353847454,57.0,82.8,360.0,71.3561125835066,70.5520039520339,,,5993730786.0,61638,1.0283745166528406
1999-01-01,7638.92854068848,4443.65610164062,6.27847611028835,3.04194667094533,3.64733224173601,45.7602465354156,24.3388184581013,48.1057851525011,81.634407043457,58.4589881896973,74.5078582821173,,,,37.3,80.9000015258789,67.3121942863677,55.1,79.4,340.0,71.7920251332574,71.2536025126901,,,6078069822.0,102686,1.6894508126300363
2000-01-01,7879.61788990331,4576.67696749837,6.11136985422602,3.43351563418764,4.59219302528604,50.1204338130989,24.6981047767044,47.9316440781982,81.9349670410156,59.471851348877,78.224965031972,80.6105826510555,54.771194072658,,36.2,81.120002746582,67.6504778738489,53.3,76.7,328.0,72.3007318349417,71.5219449873876,8.60047796448668,19.1965419369413,6161528496.0,95168,1.54455181148285
2001-01-01,7932.44247045676,4633.94741969644,6.18991573511442,3.83657262052543,2.65113850253291,49.0109769807307,23.8905553735713,47.6302290954153,82.7255020141602,60.2711296081543,78.718809926323,80.9481369756843,55.5878131426442,,35.3,81.370002746582,67.9451852910729,51.9,74.3,321.0,73.005523232486,72.5014099272097,8.98669805661323,18.8600592763405,6244739668.0,38409,0.6150616685723463
2002-01-01,8010.64724039979,4693.45874925218,6.41192315850576,2.90799688587762,2.13189021429609,49.0031601235854,23.2538634341458,47.4370466659178,83.2989273071289,61.6164588928223,79.1043589102051,81.5844907778433,57.3439884865231,,33.7,81.7399978637695,68.2313680755001,49.9,71.3,311.0,72.7095243275823,72.0502800751947,9.33304326263168,18.6015363431667,6327171255.0,42146,0.6661112573283746
2003-01-01,8151.0370050525,4763.15370890031,6.4840269461924,3.02504526252236,1.85335480950806,50.6553978296548,23.4272164242693,47.3510698824396,83.5496063232422,62.3989791870117,79.9684714685475,82.0822555358441,58.4244428352451,,32.2,82.2200012207031,68.5157832704694,48.0,68.3,301.0,74.368259450615,73.6825347612181,9.48254660035279,18.5534259436844,6409352386.0,41077,0.640891583519808
2004-01-01,8408.56458732623,4879.37226494013,6.32979745144597,3.51799903099596,2.21814437898878,54.194646796519,24.0949312925986,46.9481213728455,84.1880035400391,63.4511299133301,79.9557071016267,82.5769452542779,59.5551370878736,,30.3,82.5599975585938,68.7710985282211,46.3,65.8,291.0,76.3950384923898,75.6514722036213,9.37456805162795,18.5438040394014,6492354627.0,36924,0.5687304856460361
2005-01-01,8639.35934743695,5007.36547686295,6.22399179620437,4.10725070715931,3.25298242550503,56.2196248891194,24.4593884198792,46.5228476497546,85.0202484130859,64.4113006591797,80.7045758983383,83.8672856872975,60.7233581314791,15.6,28.3,82.5699996948242,69.111445965915,44.1,62.3,283.0,77.2658510295097,77.0800677875313,9.30493157332252,18.681159716989,6575410029.0,21190,0.32226127202021215
2006-01-01,8913.15666856363,5125.76353762301,5.97382359730159,4.26717463390264,4.21299575926505,58.3626190327813,25.0071717327576,46.0545493322793,85.3206329345703,65.3684387207031,81.3567271905369,84.3291153695002,61.897880633073,17.2,27.0,82.5299987792969,69.4690022328376,42.3,59.6,276.0,78.4470662402932,78.7893538551751,9.21922617412957,18.8085964826063,6659536021.0,28510,0.42810790286436384
2007-01-01,9191.47419679425,5266.69674779233,5.77491185936386,4.81023704342912,5.27273423584486,58.7423508494896,25.4662270948936,45.6706509971578,86.4949798583984,66.8459777832031,81.9745726621334,84.785318859025,63.0946290710721,20.2,25.3,83.120002746582,69.8049778312625,40.7,57.0,269.0,78.4443219702693,79.1925075260545,9.05877007772008,18.8947770277367,6744049498.0,29433,0.43642918114299994
2008-01-01,9265.52655477352,5295.5202681611,5.82419029603435,8.94995335353387,3.71966606222286,60.3226348636262,25.4602081837739,45.2940788657,88.2013168334961,68.3432464599609,82.6714183692273,85.2488288935806,64.2969449309831,22.8,24.1,83.4800033569336,70.0043236169628,39.2,54.7,264.0,81.060247787498,80.8211188037885,9.05444921266241,18.8851566942021,6830080867.0,40245,0.5892316765156684
2009-01-01,9028.22055162901,5220.19896676653,6.40956451671123,2.86044855902674,2.42459460620752,51.8943285617121,23.423493191284,45.2986059989941,89.0043411254883,69.3999710083008,82.8688257633761,85.6946459370797,65.4897402919594,25.3,23.1,83.8000030517578,70.3803491247646,38.0,52.9,258.0,83.1140066021536,83.2360060131054,9.78720427630434,18.2541244493748,6916168196.0,52253,0.7555195090573532
2010-01-01,9322.21791578106,5330.4104503496,6.28118787402205,3.32634463368643,2.70219626157611,56.1928236203117,24.6267715827383,45.0538650330319,88.5195999145508,70.9471435546875,83.4501564252405,86.1298911134617,66.6775516024445,28.4,21.0,84.370002746582,70.6826307784169,36.7,50.6,253.0,83.6605290817133,83.9337016525259,9.45322811532614,18.504442917191,7000860073.0,34898,0.4984816099180447
2011-01-01,9514.51951048996,5433.58670252692,6.14906482504464,4.80063594169405,3.1549651985773,59.3107109256613,25.3495427594254,44.5799330436466,87.7716217041016,71.9032669067383,84.5088722141776,86.4815781966157,67.7661154842465,30.9,19.1,84.7099990844727,70.9688028224075,35.9,49.5,247.0,84.7615373585654,84.5020475216327,9.31161104990118,18.5907912633531,7086704141.0,42485,0.5995029445945653
2012-01-01,9653.62748273357,5498.49297898883,6.15209851207895,3.72532666110646,2.65165828914062,59.2953615574382,25.4871607487971,44.0336423369359,88.0860290527344,72.7067337036133,84.9391555731035,86.8947887216694,68.9488957612539,33.3,17.8,84.9100036621094,71.2645542969028,34.0,46.7,239.0,84.026303372746,83.8541484358614,9.32361659254147,18.8230526246882,7176482165.0,91463,1.27448237029096
2013-01-01,9811.02619687608,5579.43036790481,6.09934489950025,2.65167342916577,2.64721737854654,58.6308037331573,25.5970375883502,43.8619827166729,88.3091735839844,74.0367202758789,85.7136907083818,87.305885318641,70.235083266262,35.3,15.5,85.2099990844727,71.5334887297047,33.1,45.1,235.0,83.6584806788247,83.9645938560439,9.29032296221062,19.0086014239958,7265404737.0,115556,1.5904963891621389
2014-01-01,10000.5832738734,5676.02961697904,5.9574710533091,2.39371597209796,2.41010943382483,58.0267788162164,25.8794720491122,43.5109699874777,88.1251831054688,74.9258728027344,86.198537437738,87.7129764573807,71.4191226150168,37.4,14.5,85.5599975585938,71.7763867362613,32.1,43.9,231.0,84.6611954111928,84.2894028297708,9.39433129675668,18.7378349527593,7353532223.0,151743,2.0635389279370537
2015-01-01,10191.9752512662,5783.47658791936,5.9985085966435,1.43702380935655,3.61134635649632,55.6181865121386,25.9245408633197,43.1126131843433,87.8672790527344,74.9668884277344,86.9273667608945,88.1180822369349,72.6070453772837,39.9,13.4,85.9599990844727,71.9656376386893,31.5,42.9,228.0,84.8338185916175,84.7035474004182,9.6649830947051,18.4412383521719,7441084771.0,132027,1.774297754469165
2016-01-01,10355.0449873521,5890.87952930616,5.97088327776689,1.59691227583204,3.52209084502053,53.7908953963337,25.66630536978,42.8527773117535,88.4609909057617,75.1899871826172,88.1080967238499,88.5167792514439,73.7893936227934,43.6,12.6,86.2799987792969,72.1858228976022,30.6,41.7,220.0,85.9144026093343,85.0504824537262,9.78596013948253,18.1639441806988,7528221579.0,116723,1.5504724293131755
2017-01-01,10591.5550846784,6029.55482634966,5.89802388961045,2.22314331448899,2.71664821529118,55.4551756398449,26.1215186983744,42.6150280820215,88.2010192871094,74.9489288330078,88.9357124003312,88.8650712752191,74.8671659237016,46.3,11.8,86.4700012207031,72.3662967648278,30.0,40.9,215.0,85.9199177274456,85.3286349115481,9.66567188284731,18.0561297996312,7613788655.0,113678,1.49305431436355
2018-01-01,10822.5745320636,6158.05658403516,5.7595415280045,2.44258329692817,1.23376330362574,56.989700265917,26.6618995256248,42.378169140403,88.0505294799805,75.54248046875,89.8011777019155,89.264869533271,76.0286037232375,49.4,11.1,86.7600021362305,72.6442408544831,29.6,40.0,211.0,86.5663837778506,86.4182630554377,9.57530680594515,18.1295372366212,7696159728.0,89494,1.1628396910007583
2019-01-01,10996.909518407,6244.80655493333,5.58847960382446,2.20607305781525,2.15521434397406,55.8007220789098,26.5641173360643,42.3421137299195,87.8868026733398,75.9502716064453,90.1089635853778,89.6459232693766,77.1682121091812,53.9,,86.7900009155273,72.869911203356,29.2,39.6,207.0,86.7603989404926,86.2337649204771,9.69075766722247,17.9675784945026,7777162476.0,78507,1.009455572546791
2020-01-01,10575.2194883029,5906.18443250744,6.58768935720693,1.90509722047501,1.33621434391152,51.8676146705359,26.4574260762578,42.889039916369,88.0408477783203,76.5068206787109,90.3995467820191,90.018446513379,78.2771492643407,60.1,11.4,86.9800033569336,72.1832040176208,29.1,39.2,211.0,83.5467575655038,83.8802785408766,10.7456485237635,16.4301282695278,7853863139.0,104199,1.326722889816835
2021-01-01,11167.6044923385,6299.32015304899,6.04556088000376,3.47540320289875,2.52052670937781,56.498994335193,27.2373053893195,42.8316418144285,88.6989212036133,77.296272277832,91.3385144099012,90.4245049809161,79.3525746677556,63.8,11.3,87.1699981689453,71.2160780260296,29.3,39.6,242.0,82.0717055937382,82.0412289018879,10.2930274941778,16.9698658208004,7919567995.0,235007,2.9674219622632334
2022-01-01,11452.0202124616,6500.13793159896,5.23462796913747,8.08169507021982,1.84543255880137,62.1470721214396,27.4739393514853,42.8436469046465,91.0532073974609,77.5006103515625,91.2817736699915,90.8558801047265,80.4481869553239,67.0,10.9,87.3899993896484,72.9689585478052,29.3,40.0,203.0,85.079535715363,83.6928987348838,10.00575627569,17.244486792898,7988550201.0,317936,3.979896126335928
2023-01-01,11670.8224680822,6664.85969253648,4.84991713588619,5.79944107391962,0.872090410009631,58.0658951471515,26.6577465889384,42.6515782019293,87.3170776367188,77.2362213134766,91.6034762480239,91.2225612738493,81.5450831945687,69.2,10.6,87.5800018310547,73.3302230276374,28.4,38.3,197.0,84.4904980090815,83.0137497857447,10.0604465994699,17.3300850386042,8062923417.0,170432,2.1137742625789846
2024-01-01,11894.2521505051,6800.50527354099,4.80627976615483,3.01447576977999,1.36470917779216,56.7228465365692,26.2876909759521,42.4787540228785,88.0215835571289,77.2785720825195,91.9264843853681,91.4529231464627,82.1611698828403,71.2,10.4,87.7399978637695,73.4818184164654,27.7,37.4,,84.7805894211456,84.30290510832,,,8140897523.0,188209,2.3118949657364456
2025-01-01,12130.6633214662,,4.7913330740211,3.0414132155654,1.26299311421324,68.4920790757033,,42.3766387750589,,,,,,73.6,,,,,,,,,,,8215424893.0,245464,2.987843029386697
