category,code,label,lag,n,transform,first_year,last_year,status,partial_r,change_r,naive_pearson_p,level_r,spearman_r,beta,ci_low,ci_high,hac_p,circular_p,hac4_p,leave_one_out_r_min,leave_one_out_r_max,most_influential_year,r_without_most_influential_year,no_pandemic_partial_r,no_pandemic_n,arimax_beta,arimax_p,arimax_converged,arimax_ljung_box_p,arimax_aic_improvement,arimax_warnings,q_bh,circular_q_bh,arimax_q_bh,abs_r
Social,SE.ADT.LITR.ZS,Adult literacy,2,33,difference,1992,2024,ok,-0.5005539466595614,-0.49353477085996633,0.0035153849196041752,-0.21816780130182759,-0.028413839607980593,-0.45341156137261523,-0.8534005953675985,-0.053422527377632034,0.0276357842571343,0.030303030303030304,0.01236982282111202,-0.581760737422026,0.06748404817898795,1997,0.06748404817898795,-0.5176860555430498,29,-0.43888010508676273,5.234904257593243e-19,True,0.06361658261720889,14.406306142880865,,0.8287371959958824,1.0,3.769131065467135e-17,0.5005539466595614
Social,SH.STA.BASS.ZS,Basic sanitation access,0,24,difference,2001,2024,ok,0.2876225616397593,0.1813208481682922,0.3964778800679073,0.7723893267753832,0.12,0.2765763858746344,-0.22342479338965981,0.7765775651389286,0.2629347111998637,0.16666666666666666,0.279427124793851,0.04215576116407295,0.359019088944478,2001,0.04215576116407295,0.3007428928013608,22,0.1949561281386925,0.23371841462238685,True,0.45800218942827264,0.2998384691746594,,0.910768182424852,1.0,0.9903690193077683,0.2876225616397593
Healthcare,SH.XPD.OOPC.CH.ZS,Out-of-pocket health spending,1,23,difference,2001,2023,ok,0.282478986940157,0.24984863381638758,0.25024225614226814,-0.5008928536055333,0.316205533596838,0.30818231490822645,-0.14438495032179377,0.7607495801382467,0.1708744452557525,0.21739130434782608,0.19222695776829657,0.16719079632509182,0.36825444132462815,2020,0.16719079632509182,0.10910726181067529,20,0.3523542320362994,0.19340664202175573,True,0.15882973897304778,0.49876942690950443,,0.910768182424852,1.0,0.9903690193077683,0.282478986940157
Social,IT.NET.USER.ZS,Internet use,2,20,difference,2006,2025,ok,-0.28223093274768535,-0.2544506237953391,0.278981055778359,0.7556677304176531,-0.21845613126695707,-0.27174047404019386,-0.7342759450321148,0.19079499695172714,0.23199214045530492,0.25,0.2302561855058838,-0.4756761339319059,-0.18679694815671463,2025,-0.4756761339319059,-0.08080235730546526,16,-0.1697483002294717,0.5279224830961151,True,0.9115635721335469,-1.0913007641627175,,0.910768182424852,1.0,0.9903690193077683,0.28223093274768535
Social,SE.PRM.CMPT.ZS,Primary school completion,2,33,difference,1992,2024,ok,-0.24371411209739818,-0.2480725851660321,0.163925307118003,-0.2615305423556465,-0.13937165775401072,-0.24461199660817,-0.5427988673360888,0.05357487411974887,0.104261761526299,0.21212121212121213,0.10559944487630156,-0.32752473449862735,-0.1685205858633576,1997,-0.32752473449862735,-0.22984978491777588,29,-0.2632251998504942,0.3523085748872071,True,0.9515826619244825,0.11509859293825286,,0.910768182424852,1.0,0.9903690193077683,0.24371411209739818
Economic,FP.CPI.TOTL.ZG,Inflation,0,36,difference,1990,2025,ok,0.2418048596858925,0.24239531565248115,0.15433413980649324,0.39644248245761204,0.12998712998713002,0.24232969029363172,0.01873847561146133,0.4659209049758021,0.03453071649982843,0.1388888888888889,0.03821105351492434,0.0737669042961462,0.3230675622840071,1994,0.0737669042961462,0.22131319037828284,34,0.27893237547668265,0.22724408840812327,True,0.1330281756142063,0.5589273205572312,,0.8287371959958824,1.0,0.9903690193077683,0.2418048596858925
Social,EG.ELC.ACCS.ZS,Electricity access,1,26,difference,1999,2024,ok,0.22427667018808156,0.15339005237681788,0.4543897612736354,0.5683362520725297,-0.037264957264957266,0.21059940790730342,-0.33296445646274736,0.7541632722773541,0.43105407579109606,0.2692307692307692,0.4582081239055931,-0.08086583228091065,0.30293077643790955,2000,-0.08086583228091065,0.28293738767109916,23,0.2104173382021468,0.46459065580416603,True,0.5355290357165949,-0.6591798500755601,,0.910768182424852,1.0,0.9903690193077683,0.22427667018808156
Healthcare,SH.IMM.MEAS,Measles immunization,2,33,difference,1992,2024,ok,0.2224715347398264,0.1985430833082471,0.2680183792730627,-0.13633889516893524,0.08255347593582889,0.21989540648031733,-0.1102245207117005,0.5500153336723351,0.1838465099332893,0.24242424242424243,0.10989519368286152,-0.11372398504560764,0.4103478756853785,1997,-0.11372398504560764,0.23478080860196018,29,0.1728041516353517,0.10414913444457409,True,0.9532624128747577,-0.5342034071361468,,0.910768182424852,1.0,0.9903690193077683,0.2224715347398264
Healthcare,SH.XPD.CHEX.GD.ZS,Health spending / GDP,1,23,difference,2001,2023,ok,-0.2051675231460613,-0.22361874416426972,0.3050354886634136,0.4606703955861773,-0.21343873517786563,-0.22296520438635264,-0.6728554842457648,0.22692507547305957,0.3135685148059396,0.30434782608695654,0.33351968528729203,-0.3333964250342806,-0.06335931035746489,2020,-0.06335931035746489,0.01008204375415106,20,-0.24532826516967574,0.3214172966298634,True,0.21412573855492345,-0.7723870767083838,,0.910768182424852,1.0,0.9903690193077683,0.2051675231460613
Economic,NE.TRD.GNFS.ZS,Trade / GDP,2,34,difference,1992,2025,ok,-0.19864796967723447,-0.19758288164047366,0.2626757940185548,-0.2625695344083515,-0.21741787624140563,-0.19888063630222907,-0.5165016690396906,0.11874039643523254,0.21106542151643598,0.17647058823529413,0.22708735131783364,-0.22758199607371682,-0.11355998921018336,2025,-0.11355998921018336,-0.2003267384558659,30,-0.23935467950291223,0.3954852658651117,True,0.04345452664988962,-0.27255212605780343,,0.910768182424852,1.0,0.9903690193077683,0.19864796967723447
Social,SH.H2O.BASW.ZS,Basic drinking water access,0,24,difference,2001,2024,ok,-0.14870812310258863,-0.23095952637289527,0.27755474190802254,0.7449199293781927,0.1695652173913043,-0.13714845991114125,-0.731740871180915,0.4574439513586326,0.6364109080873349,0.5416666666666666,0.6089812010188019,-0.36011893661256417,0.34728979801452087,2005,0.34728979801452087,-0.19688348841679207,22,-0.1285156667366399,0.7798091147242174,True,0.25607632625918875,-1.5100276672337287,,0.9257863336797973,1.0,0.9903690193077683,0.14870812310258863
Healthcare,SH.IMM.IDPT,DPT immunization,0,35,difference,1990,2024,ok,0.14826519828009624,0.14147025285466566,0.4175709336513145,-0.08885956376811241,0.14649859943977592,0.14763596797742357,-0.0417235601813023,0.33699549613614943,0.12209353150410718,0.22857142857142856,0.13067312273906972,0.06764922781649521,0.1832973844743285,1994,0.06764922781649521,0.22107008112795806,33,0.12526014700280663,0.7405336090163107,True,0.4731161392258726,-1.5178227087171052,,0.910768182424852,1.0,0.9903690193077683,0.14826519828009624
Healthcare,SP.DYN.IMRT.IN,Infant mortality,2,33,log,1992,2024,ok,0.14612999343273356,0.16077297064507767,0.37143261436098896,0.19590314871576908,0.14806149732620322,0.14480971166816733,-0.0778813163819975,0.3675007397183322,0.19418347934091637,0.2727272727272727,0.19402790505209094,0.0031738936203756837,0.24397044483394992,1996,0.0031738936203756837,0.2616833459077461,29,0.1350724955984423,0.4712877014380369,True,0.1948825735671105,-0.15172490229635116,,0.910768182424852,1.0,0.9903690193077683,0.14612999343273356
Healthcare,SH.DYN.MORT,Under-five mortality,2,33,log,1992,2024,ok,0.13801335266285708,0.15023659495985903,0.40398930742997174,0.19867008562031419,0.1463903743315508,0.13744044860930146,-0.07724965127328409,0.352130548491887,0.20100088605925842,0.30303030303030304,0.20741443924409775,0.012825109960640204,0.23811482800024186,1996,0.012825109960640204,0.26248680559535864,29,0.13193720925783722,0.5078547937265732,True,0.6049573342045322,-0.6527373000147918,,0.910768182424852,1.0,0.9903690193077683,0.13801335266285708
Social,SI.POV.DDAY,Extreme poverty,2,27,difference,1992,2018,ok,-0.13342185467047768,-0.1418854430951792,0.48021526620638644,0.2148277194396478,-0.02718387801035846,-0.1287419221761175,-0.3436290280762994,0.08614518372406443,0.22823317574400806,0.4074074074074074,0.1996369565349629,-0.19644907748352963,0.02859174393023093,1997,0.02859174393023093,-0.13342185467047768,27,-0.08287366905658225,0.5633496370101647,True,0.23300688545238873,-1.6125396427124201,,0.910768182424852,1.0,0.9903690193077683,0.13342185467047768
Economic,BX.KLT.DINV.WD.GD.ZS,FDI inflows / GDP,2,34,difference,1992,2025,ok,-0.1295404027919142,-0.13599742882722346,0.4431371046949696,-0.3151070126479474,-0.147135217723453,-0.1279140509413752,-0.34975022079200213,0.0939221189092517,0.2485418747433136,0.4117647058823529,0.20044707786253202,-0.1519502941241565,-0.08256398831406,2001,-0.08256398831406,-0.09855296423614426,30,-0.12699237374274938,0.7379408273570787,True,0.047883921787474526,-1.432186449089059,,0.910768182424852,1.0,0.9903690193077683,0.1295404027919142
Healthcare,SH.STA.MMRT,Maternal mortality,1,33,log,1991,2023,ok,-0.12100187309168459,-0.12334312411331086,0.4940698187036977,0.17599749394143377,-0.13101604278074866,-0.1216052331380101,-0.3529623369086757,0.1097518706326555,0.2916267872032067,0.3333333333333333,0.29223350439763685,-0.2082644565268121,-0.002508140958453379,2022,-0.002508140958453379,-0.0989959813314173,30,-0.12921133305376556,0.8122117696892179,True,0.534065280608754,-1.4982153179145143,,0.910768182424852,1.0,0.9903690193077683,0.12100187309168459
Economic,SL.UEM.TOTL.ZS,Unemployment,1,34,difference,1992,2025,ok,-0.11930225109892269,-0.1383747527850786,0.43513065928341976,-0.22252489959637053,-0.2491978609625668,-0.11302900858839253,-0.41682738452505874,0.19076936734827366,0.45369947725455856,0.3235294117647059,0.4808732970918209,-0.18397923696676508,-0.04499196245012623,2022,-0.04499196245012623,0.0036591059342231044,31,-0.11468291244644756,0.6782529663515455,True,0.09644014299643713,-1.5066154571180448,,0.910768182424852,1.0,0.9903690193077683,0.11930225109892269
Economic,NE.GDI.TOTL.ZS,Capital formation / GDP,2,33,difference,1992,2024,ok,-0.1187374288861183,-0.10142510873517774,0.5743689752706694,0.04104973903059203,-0.30314171122994654,-0.11806264498434077,-0.3578266986012509,0.12170140863256934,0.3226320837597528,0.30303030303030304,0.3047928627256792,-0.1914374974578218,-0.07056560916602256,1997,-0.1914374974578218,-0.07074931777830754,29,-0.12383564706725118,0.6861781463065995,True,0.10700789326447231,-1.5069416607069002,,0.910768182424852,1.0,0.9903690193077683,0.1187374288861183
Social,SE.SEC.ENRR,Secondary school enrollment,0,35,difference,1990,2024,ok,0.11306668176802867,0.08759334848590225,0.6168266679677324,-0.12249765763172787,0.1532212885154062,0.10636834970474898,-0.10104699576789664,0.3137836951773946,0.3040369595682675,0.37142857142857144,0.2657945561239618,0.07179220470598949,0.1824936496994793,1994,0.1824936496994793,0.09607079667615945,33,0.12332481891461772,0.7663594951180981,True,0.231589488680565,-1.3441645168591236,,0.910768182424852,1.0,0.9903690193077683,0.11306668176802867
Healthcare,SP.DYN.LE00.IN,Life expectancy,1,34,difference,1991,2024,ok,0.1114219435604291,0.1079796510885694,0.543283622210549,-0.1385061308220024,0.23880825057295646,0.11135865501988518,-0.21061291992032904,0.4333302299600994,0.48583090349133207,0.38235294117647056,0.49433233739908017,-0.04642208421322753,0.17314677624180214,2022,-0.04642208421322753,-0.03542648842517617,31,0.12147258086692019,0.7394682983708389,True,0.15958814813301656,-1.5308866817073437,,0.910768182424852,1.0,0.9903690193077683,0.1114219435604291
Economic,SL.EMP.VULN.ZS,Vulnerable employment,0,34,difference,1992,2025,ok,0.05921416840358721,0.06164652496628449,0.7290854596653311,0.07298508323539772,0.1147440794499618,0.05940300530195833,-0.14845020208762552,0.2672562126915422,0.5641912552664572,0.6176470588235294,0.5408332870765932,-0.0211839923485937,0.14643500546535324,1995,0.14643500546535324,-0.0015528595899297407,32,0.00918621874129879,0.9782622010472191,True,0.8913804642882842,-1.994489220386157,,0.9257863336797973,1.0,0.9903690193077683,0.05921416840358721
Economic,NY.GDP.PCAP.KD,Real GDP per capita,2,34,log,1992,2025,ok,-0.047305332566715194,-0.04441836458423184,0.8030230949382984,-0.09757961859751968,-0.1608861726508785,-0.04729653725400972,-0.1838216817973537,0.08922860728933424,0.48512291130384627,0.5294117647058824,0.4352957881698901,-0.12884980265007104,0.019606456904358045,2020,-0.12884980265007104,-0.11968989602456262,30,-0.0497361181741672,0.9019202570706959,True,0.40470460354338644,-1.923145976534144,,0.910768182424852,1.0,0.9903690193077683,0.047305332566715194
Economic,NE.CON.PRVT.PC.KD,Real consumption per capita,2,33,log,1992,2024,ok,0.03853649780027131,0.04281634936283121,0.812978231568793,-0.11343899787940116,-0.0357620320855615,0.03870847591312346,-0.10504592268870316,0.18246287451495008,0.5864462641877929,0.5151515151515151,0.5713031372595955,-0.058373465860493,0.08510080851454525,2020,-0.058373465860493,-0.033659782222660264,29,0.04656081798679283,0.9360474305612535,True,0.44810436041718626,-1.935691478541628,,0.9257863336797973,1.0,0.9903690193077683,0.03853649780027131
