metric,year,reported_entities,mapped_countries,reported_count,mapped_count
civilian,1997,48,48,13440,13440
civilian,1998,48,48,16639,16639
civilian,1999,48,48,17050,17050
civilian,2000,48,48,7839,7839
civilian,2001,48,48,5281,5281
civilian,2002,48,48,8587,8587
civilian,2003,48,48,9515,9515
civilian,2004,48,48,11664,11664
civilian,2005,48,48,3300,3300
civilian,2006,48,48,2496,2496
civilian,2007,48,48,2964,2964
civilian,2008,48,48,5198,5198
civilian,2009,48,48,5745,5745
civilian,2010,57,57,6769,6769
civilian,2011,58,58,12472,12472
civilian,2012,58,58,11099,11099
civilian,2013,58,58,13357,13357
civilian,2014,58,58,17339,17339
civilian,2015,62,61,20771,20771
civilian,2016,75,74,28145,28145
civilian,2017,78,77,46773,46728
civilian,2018,162,148,45121,45120
civilian,2019,163,148,39305,39302
civilian,2020,215,193,39138,39133
civilian,2021,246,213,44602,44601
civilian,2022,162,156,55717,55716
civilian,2023,165,157,71732,71729
civilian,2024,168,164,78987,78956
civilian,2025,158,154,75894,75891
total,1997,48,48,26820,26820
total,1998,48,48,70713,70713
total,1999,48,48,161840,161840
total,2000,48,48,23840,23840
total,2001,48,48,26993,26993
total,2002,48,48,28565,28565
total,2003,48,48,21346,21346
total,2004,48,48,19884,19884
total,2005,48,48,8120,8120
total,2006,48,48,8040,8040
total,2007,48,48,9906,9906
total,2008,48,48,11681,11681
total,2009,48,48,15423,15423
total,2010,57,57,21922,21922
total,2011,58,58,27835,27835
total,2012,58,58,26416,26416
total,2013,58,58,36481,36481
total,2014,58,58,47083,47083
total,2015,62,61,62409,62409
total,2016,75,74,120048,120048
total,2017,78,77,185798,185751
total,2018,163,148,178608,178604
total,2019,163,148,154744,154740
total,2020,215,193,139198,139193
total,2021,247,213,159969,159968
total,2022,218,197,171582,171579
total,2023,215,199,198462,198421
total,2024,218,199,248918,248879
total,2025,211,194,248686,248021
civilian_targeting,1997,48,48,1011,1011
civilian_targeting,1998,48,48,1284,1284
civilian_targeting,1999,48,48,1044,1044
civilian_targeting,2000,48,48,1364,1364
civilian_targeting,2001,48,48,1258,1258
civilian_targeting,2002,48,48,1810,1810
civilian_targeting,2003,48,48,1539,1539
civilian_targeting,2004,48,48,1385,1385
civilian_targeting,2005,48,48,1121,1121
civilian_targeting,2006,48,48,952,952
civilian_targeting,2007,48,48,1338,1338
civilian_targeting,2008,48,48,1970,1970
civilian_targeting,2009,48,48,1339,1339
civilian_targeting,2010,57,57,3517,3517
civilian_targeting,2011,58,58,3661,3661
civilian_targeting,2012,58,58,4932,4932
civilian_targeting,2013,58,58,5844,5844
civilian_targeting,2014,58,58,6574,6574
civilian_targeting,2015,62,61,7791,7790
civilian_targeting,2016,75,74,13234,13231
civilian_targeting,2017,78,77,20159,20154
civilian_targeting,2018,162,148,36917,36904
civilian_targeting,2019,163,148,36327,36318
civilian_targeting,2020,215,193,36006,35997
civilian_targeting,2021,246,213,41512,41502
civilian_targeting,2022,162,156,51388,51367
civilian_targeting,2023,165,157,54827,54798
civilian_targeting,2024,168,164,60270,60139
civilian_targeting,2025,158,154,67274,67187
political_violence,1997,48,48,2229,2229
political_violence,1998,48,48,2964,2964
political_violence,1999,48,48,3751,3751
political_violence,2000,48,48,3298,3298
political_violence,2001,48,48,2838,2838
political_violence,2002,48,48,3598,3598
political_violence,2003,48,48,3109,3109
political_violence,2004,48,48,2525,2525
political_violence,2005,48,48,2102,2102
political_violence,2006,48,48,2121,2121
political_violence,2007,48,48,3088,3088
political_violence,2008,48,48,4078,4078
political_violence,2009,48,48,2733,2733
political_violence,2010,57,57,7812,7812
political_violence,2011,58,58,8540,8540
political_violence,2012,58,58,10502,10502
political_violence,2013,58,58,13365,13365
political_violence,2014,58,58,14929,14929
political_violence,2015,62,61,22892,22891
political_violence,2016,75,74,41893,41886
political_violence,2017,78,77,78763,78756
political_violence,2018,163,148,124541,124514
political_violence,2019,163,148,121261,121245
political_violence,2020,215,193,103556,103536
political_violence,2021,247,213,105842,105812
political_violence,2022,168,162,145508,145449
political_violence,2023,173,164,172715,172624
political_violence,2024,175,168,207783,207421
political_violence,2025,163,156,213419,213010
demonstrations,1997,48,48,348,348
demonstrations,1998,48,48,390,390
demonstrations,1999,48,48,363,363
demonstrations,2000,48,48,403,403
demonstrations,2001,48,48,407,407
demonstrations,2002,48,48,441,441
demonstrations,2003,48,48,428,428
demonstrations,2004,48,48,483,483
demonstrations,2005,48,48,668,668
demonstrations,2006,48,48,462,462
demonstrations,2007,48,48,677,677
demonstrations,2008,48,48,740,740
demonstrations,2009,48,48,817,817
demonstrations,2010,57,57,6698,6698
demonstrations,2011,58,58,7270,7270
demonstrations,2012,58,58,9621,9621
demonstrations,2013,58,58,11780,11780
demonstrations,2014,58,58,8928,8928
demonstrations,2015,61,61,12178,12178
demonstrations,2016,75,74,30172,30171
demonstrations,2017,77,77,31332,31332
demonstrations,2018,161,148,80120,79305
demonstrations,2019,161,148,99167,98315
demonstrations,2020,212,193,151404,150693
demonstrations,2021,245,213,171271,169500
demonstrations,2022,213,194,152002,150836
demonstrations,2023,208,195,153284,151578
demonstrations,2024,206,190,154057,152690
demonstrations,2025,203,187,161461,160180
