status,n,countries,years,first_year,last_year,beta,se,p,ci_low,ci_high,partial_r,raw_unit_beta,country_cluster_p,category,code,label,metric,lag,new_marker,q_bh,p_holm
ok,1557,128,25,2000.0,2024.0,-0.025000784812199767,0.006313474335782129,0.0005830495725944863,-0.03803115541269595,-0.011970414211703586,-0.03356134109547817,-0.01174697779156442,0.10274595750726355,Healthcare,SH.DYN.AIDS.ZS,HIV prevalence,civilian,1,True,0.13136181411516695,0.275782447837192
ok,1889,178,26,2000.0,2025.0,-0.06033936128086012,0.015746030803676737,0.0007617047793035423,-0.09276891877387336,-0.02790980378784689,-0.06285137474623398,-0.14972729886210034,0.026923161038707927,Economic,SL.EMP.VULN.ZS,Vulnerable employment,demonstrations,1,False,0.13136181411516695,0.35952465583127197
ok,1569,159,24,2001.0,2024.0,0.06772981248964148,0.01800327731121037,0.0010137696937291712,0.030487195867321557,0.1049724291119614,0.0688090016796685,0.16792054037847412,0.004228369919696938,Healthcare,SH.XPD.CHEX.GD.ZS,Health spending / GDP,civilian,0,False,0.13136181411516695,0.47748552574643965
ok,1701,160,24,2001.0,2024.0,-0.02455779615941557,0.007129669989597047,0.0022071462990605607,-0.0393066422431718,-0.009808950075659342,-0.06810022458052686,-0.04628797275113124,0.01315262006407397,Social,SH.STA.BASS.ZS,Basic sanitation access,civilian,0,False,0.17399669990927422,1.0
ok,1985,197,26,1999.0,2024.0,-0.12968375989718248,0.040308611277852374,0.003561848461233697,-0.21270089883186583,-0.04666662096249914,-0.1315219158706279,-0.5200678250515132,0.0019507769248234491,Healthcare,SP.DYN.LE00.IN,Life expectancy,total,0,False,0.24067918888050552,1.0
ok,889,130,26,2000.0,2025.0,0.056642332604714775,0.01867405598169404,0.005574312088888922,0.01818239437414257,0.09510227083528698,0.05862492997822443,0.5123178554009836,0.0028134286293379452,Social,SE.SEC.ENRR,Secondary school enrollment,civilian,1,False,0.29296106867160665,1.0
ok,1748,156,27,1999.0,2025.0,-0.03555172335976999,0.012242803625365619,0.007422523229750446,-0.06071716662323272,-0.010386280096307265,-0.04089269711362673,-0.5409676760952665,0.008685367535795397,Social,IT.NET.USER.ZS,Internet use,civilian_targeting,0,False,0.3462103815537601,1.0
ok,1860,167,27,1999.0,2025.0,0.10216266136637357,0.03688609356151643,0.010215525734751334,0.026342210174141192,0.17798311255860594,0.10502135481946874,0.5237518051824411,0.0009344753006673605,Economic,NV.AGR.TOTL.ZS,Agriculture share of GDP,civilian,0,True,0.3462103815537601,1.0
ok,901,111,24,2001.0,2024.0,-0.08222132861030161,0.029903360002557014,0.011415400751139206,-0.14408114185669177,-0.02036151536391146,-0.08252983738652142,-0.14192577888024746,0.007642732081174072,Social,SE.XPD.TOTL.GD.ZS,Education spending / GDP,total,2,True,0.3462103815537601,1.0
ok,1654,158,27,1999.0,2025.0,-0.16262031161400278,0.05997393899041504,0.011711133414080682,-0.28589850876017253,-0.039342114467833006,-0.1770271841998897,-2.43919087235696,0.004026263362573793,Economic,NE.CON.PRVT.PC.KD,Real consumption per capita,total,0,False,0.3462103815537601,1.0
ok,1200,120,22,2002.0,2023.0,0.015497471344681794,0.005839628974477543,0.01485064485893125,0.0033532980812853944,0.027641644608078192,0.01615719620149821,0.08561137860766076,0.33397439134621904,Healthcare,SN.ITK.DEFC.ZS,Undernourishment,demonstrations,2,True,0.36970289569865694,1.0
ok,894,118,26,2000.0,2025.0,0.03689109179690419,0.014449317484114814,0.017158939402308667,0.007132165377397446,0.06665001821641094,0.03791584653712932,0.5883300455113376,0.15838133978639196,Social,SE.PRM.UNER.ZS,Primary-age children out of school,civilian_targeting,1,True,0.40580891686459997,1.0
