id,name,unit,source,sourceNote,sourceOrganization,topics
SE.LPV.PRIM,Learning poverty: Share of Children at the End-of-Primary age below minimum reading proficiency adjusted by Out-of-School Children (%),,"{'id': '2', 'value': 'World Development Indicators'}","The share of 10-year-olds who cannot read and understand a short passage of age-appropriate material—in other words, those who are below the “minimum proficiency” threshold for reading. This measure is defined as the union of two deprivations: 1) schooling deprivation and 2) learning deprivation. A child is considered schooling-deprived (SD) if he or she is of primary school age and out-of-school. The dimension of learning deprivation (LD) applies only for children in school, and identifies those pupils who are below the minimum proficiency level (MPL) for reading, as defined by the Global Alliance to Monitor Learning (GAML), measured in standard learning assessments, and reported in the context of the SDG 4.1.1b monitoring. This “union approach” to measurement reflects the choice that, as presented in the SDGs, all age 10 children must be both in school and learning. The final learning poverty measure combines the two dimensions in a single indicator using the following formula: LP = SD + [(1-SD) x LD]","World Bank (WB);
UN Educational, Scientific and Cultural Organization (UNESCO), publisher: UNESCO Institute for Statistics (UIS)",[]
SE.LPV.PRIM.FE,Learning poverty: Share of Female Children at the End-of-Primary age below minimum reading proficiency adjusted by Out-of-School Children (%),,"{'id': '2', 'value': 'World Development Indicators'}","The share of female 10-year-olds who cannot read and understand a short passage of age-appropriate material—in other words, those who are below the “minimum proficiency” threshold for reading. This measure is defined as the union of two deprivations: 1) schooling deprivation and 2) learning deprivation. A child is considered schooling-deprived (SD) if he or she is of primary school age and out-of-school. The dimension of learning deprivation (LD) applies only for children in school, and identifies those pupils who are below the minimum proficiency level (MPL) for reading, as defined by the Global Alliance to Monitor Learning (GAML), measured in standard learning assessments, and reported in the context of the SDG 4.1.1b monitoring. This “union approach” to measurement reflects the choice that, as presented in the SDGs, all age 10 children must be both in school and learning. The final learning poverty measure combines the two dimensions in a single indicator using the following formula: LP = SD + [(1-SD) x LD]","World Bank (WB);
UN Educational, Scientific and Cultural Organization (UNESCO), publisher: UNESCO Institute for Statistics (UIS)","[{'id': '4', 'value': 'Education '}]"
SE.LPV.PRIM.MA,Learning poverty: Share of Male Children at the End-of-Primary age below minimum reading proficiency adjusted by Out-of-School Children (%),,"{'id': '2', 'value': 'World Development Indicators'}","The share of male 10-year-olds who cannot read and understand a short passage of age-appropriate material—in other words, those who are below the “minimum proficiency” threshold for reading. This measure is defined as the union of two deprivations: 1) schooling deprivation and 2) learning deprivation. A child is considered schooling-deprived (SD) if he or she is of primary school age and out-of-school. The dimension of learning deprivation (LD) applies only for children in school, and identifies those pupils who are below the minimum proficiency level (MPL) for reading, as defined by the Global Alliance to Monitor Learning (GAML), measured in standard learning assessments, and reported in the context of the SDG 4.1.1b monitoring. This “union approach” to measurement reflects the choice that, as presented in the SDGs, all age 10 children must be both in school and learning. The final learning poverty measure combines the two dimensions in a single indicator using the following formula: LP = SD + [(1-SD) x LD]","World Bank (WB);
UN Educational, Scientific and Cultural Organization (UNESCO), publisher: UNESCO Institute for Statistics (UIS)","[{'id': '4', 'value': 'Education '}]"
SH_UHC_FH40_FURTHER,"Proportion of population further impoverished due to out-of-pocket health expenditure, based on the societal poverty line (%)",,"{'id': '2', 'value': 'World Development Indicators'}","Proportion of population living in households already in societal poverty (household total budget lies below the societal poverty line) that incur any out-of-pocket health expenditure.

The household discretionary budget is defined as the total household budget, measured by consumption expenditure or income, minus the societal poverty line (SPL). Using 2017 purchasing power parities (PPPs), the SPL corresponds to whichever is greater: $2.15 (the international poverty line) or $1.15 + 50% of median household consumption expenditure or income, excluding out-of-pocket household expenditure on health.

Out-of-pocket health expenditure is defined as any spending incurred by a household when any member uses a health good or service to receive any type of care (preventive, curative, rehabilitative, long-term or palliative care); provided by any type of provider; for any type of disease, illness or health condition; in any type of setting (outpatient, inpatient, at home).","Universal Health Coverage Dataset, World Health Organization (WHO);
World Bank (WB), note: Universal Health Coverage Dataset",[]
SH_UHC_FH40_IMPOV,"Proportion of population facing impoverishing out-of-pocket health expenditure, based on the societal poverty line (%)",,"{'id': '2', 'value': 'World Development Indicators'}","Proportion of population spending more than 100% of household discretionary budget on out-of-pocket health expenditure (%). This includes people living in poverty that are further impoverished due to out-of-pocket health expenditure as well as people who are pushed into poverty by out-of-pocket health expenditure. 

The discretionary budget is defined as the total household budget, measured by consumption expenditure or income, minus the societal poverty line (SPL  ). Using 2017 purchasing power parities (PPPs), the SPL corresponds to whichever is greater: $2.15 (the international poverty line) or $1.15 + 50% of median household consumption expenditure or income, excluding out-of-pocket household expenditure on health. 

Out-of-pocket health expenditure is defined as any spending incurred by a household when any member uses a health good or service to receive any type of care (preventive, curative, rehabilitative, long-term or palliative care); provided by any type of provider; for any type of disease, illness or health condition; in any type of setting (outpatient, inpatient, at home).","Universal Health Coverage Dataset, World Health Organization (WHO);
World Bank (WB), note: Universal Health Coverage Dataset",[]
SH_UHC_FH40_PUSHED,Proportion of population pushed into poverty (based on the societal poverty line) due to out-of-pocket health expenditure (%),,"{'id': '2', 'value': 'World Development Indicators'}","Proportion of population living in households with positive discretionary budgets that spend all their discretionary budget on out-of-pocket health expenditure.

The household discretionary budget is defined as the total household budget, measured by consumption expenditure or income, minus the societal poverty line (SPL). Using 2017 purchasing power parities (PPPs), the SPL corresponds to whichever is greater: $2.15 (the international poverty line) or $1.15 + 50% of median household consumption expenditure or income, excluding out-of-pocket household expenditure on health.

Out-of-pocket health expenditure is defined as any spending incurred by a household when any member uses a health good or service to receive any type of care (preventive, curative, rehabilitative, long-term or palliative care); provided by any type of provider; for any type of disease, illness or health condition; in any type of setting (outpatient, inpatient, at home).","Universal Health Coverage Dataset, World Health Organization (WHO);
World Bank (WB), note: Universal Health Coverage Dataset",[]
SI.POV.DDAY,Poverty headcount ratio at $3.00 a day (2021 PPP) (% of population),,"{'id': '2', 'value': 'World Development Indicators'}","Poverty headcount ratio at $3.00 a day is the percentage of the population living on less than $3.00 a day at 2021 purchasing power adjusted prices. As a result of revisions in PPP exchange rates, poverty rates for individual countries cannot be compared with poverty rates reported in earlier editions.","World Bank, Poverty and Inequality Platform. Data are based on primary household survey data obtained from government statistical agencies and World Bank country departments. Data for high-income economies are mostly from the Luxembourg Income Study database. For more information and methodology, please see http://pip.worldbank.org., World Bank (WB), uri: http://pip.worldbank.org, note: Data are based on primary household survey data obtained from government statistical agencies and World Bank country departments. Data for high-income economies are mostly from the Luxembourg Income Study database.","[{'id': '11', 'value': 'Poverty '}, {'id': '2', 'value': 'Aid Effectiveness '}, {'id': '19', 'value': 'Climate Change'}]"
SI.POV.GAPS,Poverty gap at $3.00 a day (2021 PPP) (%),,"{'id': '2', 'value': 'World Development Indicators'}","Poverty gap at $3.00 a day (2021 PPP) is the mean shortfall in income or consumption from the poverty line $3.00 a day (counting the nonpoor as having zero shortfall), expressed as a percentage of the poverty line. This measure reflects the depth of poverty as well as its incidence.","World Bank, Poverty and Inequality Platform. Data are based on primary household survey data obtained from government statistical agencies and World Bank country departments. Data for high-income economies are mostly from the Luxembourg Income Study database. For more information and methodology, please see http://pip.worldbank.org., World Bank (WB), uri: http://pip.worldbank.org, note: Data are based on primary household survey data obtained from government statistical agencies and World Bank country departments. Data for high-income economies are mostly from the Luxembourg Income Study database.","[{'id': '11', 'value': 'Poverty '}]"
SI.POV.LMIC,Poverty headcount ratio at $4.20 a day (2021 PPP) (% of population),,"{'id': '2', 'value': 'World Development Indicators'}",Poverty headcount ratio at $4.20 a day is the percentage of the population living on less than $4.20 a day at 2021 international prices.,"World Bank, Poverty and Inequality Platform. Data are based on primary household survey data obtained from government statistical agencies and World Bank country departments. Data for high-income economies are mostly from the Luxembourg Income Study database. For more information and methodology, please see http://pip.worldbank.org., World Bank (WB), uri: http://pip.worldbank.org, note: Data are based on primary household survey data obtained from government statistical agencies and World Bank country departments. Data for high-income economies are mostly from the Luxembourg Income Study database.","[{'id': '11', 'value': 'Poverty '}]"
SI.POV.LMIC.GP,Poverty gap at $4.20 a day (2021 PPP) (%),,"{'id': '2', 'value': 'World Development Indicators'}","Poverty gap at $4.20 a day (2021 PPP) is the mean shortfall in income or consumption from the poverty line $4.20 a day (counting the nonpoor as having zero shortfall), expressed as a percentage of the poverty line. This measure reflects the depth of poverty as well as its incidence.","World Bank, Poverty and Inequality Platform. Data are based on primary household survey data obtained from government statistical agencies and World Bank country departments. Data for high-income economies are mostly from the Luxembourg Income Study database. For more information and methodology, please see http://pip.worldbank.org., World Bank (WB), uri: http://pip.worldbank.org, note: Data are based on primary household survey data obtained from government statistical agencies and World Bank country departments. Data for high-income economies are mostly from the Luxembourg Income Study database.","[{'id': '11', 'value': 'Poverty '}]"
SI.POV.MPUN,Multidimensional poverty headcount ratio (UNDP & OPHI) (% of population),,"{'id': '2', 'value': 'World Development Indicators'}","The multidimensional poverty headcount ratio (UNDP & OPHI) is the percentage of a population living in poverty according to the multidimensional poverty index of the UNDP and OPHI. The index includes three dimensions -- health, education, and living standards.","Alkire, S., Mishra, R., Selden, L. and Suppa, N. (2025). ‘The global Multidimensional Poverty Index (MPI) 2025: Country results and methodological note’, OPHI MPI Methodological Note 61, Oxford Poverty and Human Development Initiative (OPHI), University of Oxford.url: https://ophi.org.uk/publications/MN-61, uri: https://ophi.org.uk/publications/MN-61, publisher: Oxford Poverty and Human Development Initiative (OPHI)",[]
SI.POV.MPWB,Multidimensional poverty headcount ratio (World Bank) (% of population),,"{'id': '2', 'value': 'World Development Indicators'}","The multidimensional poverty headcount ratio (World Bank) is the percentage of a population living in poverty according to the World Bank's Multidimensional Poverty Measure. The Multidimensional Poverty Measure includes three dimensions – monetary poverty, education, and basic infrastructure services – to capture a more complete picture of poverty.","World Bank, Poverty and Inequality Platform. Data are based on primary household survey data obtained from government statistical agencies and World Bank country departments. Data for high-income economies are mostly from the Luxembourg Income Study database. For more information and methodology, please see http://pip.worldbank.org., World Bank (WB), uri: http://pip.worldbank.org, note: Data are based on primary household survey data obtained from government statistical agencies and World Bank country departments. Data for high-income economies are mostly from the Luxembourg Income Study database.",[]
SI.POV.NAHC,Poverty headcount ratio at national poverty lines (% of population),,"{'id': '2', 'value': 'World Development Indicators'}","National poverty headcount ratio is the percentage of the population living below the national poverty line(s). National estimates are based on population-weighted subgroup estimates from household surveys. For economies for which the data are from EU-SILC, the reported year is the income reference year, which is the year before the survey year.","World Bank, Poverty and Inequality Platform. Data are compiled from official government sources or are computed by World Bank staff using national (i.e. country–specific) poverty lines., World Bank (WB), note: Data are compiled from official government sources or are computed by World Bank staff using national (i.e. country–specific) poverty lines.","[{'id': '11', 'value': 'Poverty '}]"
SI.POV.SOPO,Poverty headcount ratio at societal poverty line (% of population),,"{'id': '2', 'value': 'World Development Indicators'}","The poverty headcount ratio at societal poverty line is the percentage of a population living in poverty according to the World Bank's Societal Poverty Line. The Societal Poverty Line is expressed in purchasing power adjusted 2021 U.S. dollars and defined as max($3.00, $1.30 + 0.5*Median). This means that when the national median is sufficiently low, the Societal Poverty line is equivalent to the extreme poverty line, $3.00. For countries with a sufficiently high national median, the Societal Poverty Line grows as countries’ median income grows.","World Bank, Poverty and Inequality Platform. Data are based on primary household survey data obtained from government statistical agencies and World Bank country departments. Data for high-income economies are mostly from the Luxembourg Income Study database. For more information and methodology, please see http://pip.worldbank.org., World Bank (WB), uri: http://pip.worldbank.org, note: Data are based on primary household survey data obtained from government statistical agencies and World Bank country departments. Data for high-income economies are mostly from the Luxembourg Income Study database.",[]
SI.POV.UMIC,Poverty headcount ratio at $8.30 a day (2021 PPP) (% of population),,"{'id': '2', 'value': 'World Development Indicators'}",Poverty headcount ratio at $8.30 a day is the percentage of the population living on less than $8.30 a day at 2021 international prices.,"World Bank, Poverty and Inequality Platform. Data are based on primary household survey data obtained from government statistical agencies and World Bank country departments. Data for high-income economies are mostly from the Luxembourg Income Study database. For more information and methodology, please see http://pip.worldbank.org., World Bank (WB), uri: http://pip.worldbank.org, note: Data are based on primary household survey data obtained from government statistical agencies and World Bank country departments. Data for high-income economies are mostly from the Luxembourg Income Study database.","[{'id': '11', 'value': 'Poverty '}]"
SI.POV.UMIC.GP,Poverty gap at $8.30 a day (2021 PPP) (%),,"{'id': '2', 'value': 'World Development Indicators'}","Poverty gap at $8.30 a day (2021 PPP) is the mean shortfall in income or consumption from the poverty line $8.30 a day (counting the nonpoor as having zero shortfall), expressed as a percentage of the poverty line. This measure reflects the depth of poverty as well as its incidence.","World Bank, Poverty and Inequality Platform. Data are based on primary household survey data obtained from government statistical agencies and World Bank country departments. Data for high-income economies are mostly from the Luxembourg Income Study database. For more information and methodology, please see http://pip.worldbank.org., World Bank (WB), uri: http://pip.worldbank.org, note: Data are based on primary household survey data obtained from government statistical agencies and World Bank country departments. Data for high-income economies are mostly from the Luxembourg Income Study database.","[{'id': '11', 'value': 'Poverty '}]"
SL.EMP.VULN.FE.ZS,"Vulnerable employment, female (% of female employment) (modeled ILO estimate)",,"{'id': '2', 'value': 'World Development Indicators'}",Vulnerable employment is contributing family workers and own-account workers as a percentage of total employment.,"ILO Modelled Estimates database (ILOEST), International Labour Organization (ILO), uri: https://ilostat.ilo.org/data/bulk/, publisher: ILOSTAT, type: estimates based on external database;
Staff estimates, World Bank (WB)","[{'id': '10', 'value': 'Social Protection & Labor'}, {'id': '17', 'value': 'Gender'}, {'id': '15', 'value': 'Social Development '}]"
SL.EMP.VULN.MA.ZS,"Vulnerable employment, male (% of male employment) (modeled ILO estimate)",,"{'id': '2', 'value': 'World Development Indicators'}",Vulnerable employment is contributing family workers and own-account workers as a percentage of total employment.,"ILO Modelled Estimates database (ILOEST), International Labour Organization (ILO), uri: https://ilostat.ilo.org/data/bulk/, publisher: ILOSTAT, type: estimates based on external database;
Staff estimates, World Bank (WB)","[{'id': '10', 'value': 'Social Protection & Labor'}, {'id': '17', 'value': 'Gender'}, {'id': '15', 'value': 'Social Development '}]"
SL.EMP.VULN.ZS,"Vulnerable employment, total (% of total employment) (modeled ILO estimate)",,"{'id': '2', 'value': 'World Development Indicators'}",Vulnerable employment is contributing family workers and own-account workers as a percentage of total employment.,"ILO Modelled Estimates database (ILOEST), International Labour Organization (ILO), uri: https://ilostat.ilo.org/data/bulk/, publisher: ILOSTAT, type: estimates based on external database;
Staff estimates, World Bank (WB)","[{'id': '10', 'value': 'Social Protection & Labor'}, {'id': '2', 'value': 'Aid Effectiveness '}]"
SM.POP.FDIP,Forcibly displaced people,,"{'id': '2', 'value': 'World Development Indicators'}","Forcibly displaced people are represented by the sum of (1) refugees (and people in a refugee-like situation) under the mandate of the Office of the United Nations High Commissioner for Refugees (UNHCR), (2) refugees under the mandate of the United Nations Relief and Works Agency for Palestine Refugees in the Near East (UNRWA), (3) asylum-seekers, (4) other people in need of international protection, and (5) internally displaced people (IDPs). Situations in which people are reported in more than one of these categories are accounted for, to the extent possible.","Refugee Population Statistics Database, UN High Commissioner for Refugees (UNHCR), uri: https://www.unhcr.org/refugee-statistics/download",[]
SM.POP.IDPC,Internally displaced people (IDP) by country or territory of asylum / origin,,"{'id': '2', 'value': 'World Development Indicators'}","Internally displaced people (IDPs) are persons or groups of persons who have been forced or obliged to flee or to leave their homes or places of habitual residence, in particular as a result of, or in order to avoid the effects of armed conflict, situations of generalized violence, and violations of human rights, and who have not crossed an internationally recognized State border.","Refugee Population Statistics Database, UN High Commissioner for Refugees (UNHCR), uri: https://www.unhcr.org/refugee-statistics/download;
Global Internal Displacement Database, Internal Displacement Monitoring Centre (IDMC), uri: https://www.internal-displacement.org/database/displacement-data/",[]
SM.POP.RHCR.EA,Refugees under the mandate of the UNHCR by country or territory of asylum,,"{'id': '2', 'value': 'World Development Indicators'}","Refugees under the mandate of the Office of the United Nations High Commissioner for Refugees (UNHCR) include individuals recognized under the 1951 Convention relating to the Status of Refugees, its 1967 Protocol, the 1969 Organization of African Unity (OAU) Convention Governing the Specific Aspects of Refugee Problems in Africa, the refugee definition contained in the 1984 Cartagena Declaration on Refugees as incorporated into national laws, those recognized in accordance with the UNHCR Statute, individuals granted complementary forms of protection, and those enjoying temporary protection. The refugee population also includes people in a refugee-like situation, which is a category that is descriptive in nature and includes groups of people who are outside their country or territory of origin and who face protection risks similar to those of refugees, but for whom refugee status has, for practical or other reasons, not been ascertained. Refugees under the mandate of the United Nations Relief and Works Agency for Palestine Refugees in the Near East (UNRWA), Palestine Refugees, are not typically included in the statistics on refugees (and people in a refugee-like situation) under the mandate of the UNHCR.","Refugee Population Statistics Database, UN High Commissioner for Refugees (UNHCR), uri: https://www.unhcr.org/refugee-statistics/download",[]
SM.POP.RHCR.EO,Refugees under the mandate of the UNHCR by country or territory of origin,,"{'id': '2', 'value': 'World Development Indicators'}","Refugees under the mandate of the Office of the United Nations High Commissioner for Refugees (UNHCR) include individuals recognized under the 1951 Convention relating to the Status of Refugees, its 1967 Protocol, the 1969 Organization of African Unity (OAU) Convention Governing the Specific Aspects of Refugee Problems in Africa, the refugee definition contained in the 1984 Cartagena Declaration on Refugees as incorporated into national laws, those recognized in accordance with the UNHCR Statute, individuals granted complementary forms of protection, and those enjoying temporary protection. The refugee population also includes people in a refugee-like situation, which is a category that is descriptive in nature and includes groups of people who are outside their country or territory of origin and who face protection risks similar to those of refugees, but for whom refugee status has, for practical or other reasons, not been ascertained. Refugees under the mandate of the United Nations Relief and Works Agency for Palestine Refugees in the Near East (UNRWA), Palestine Refugees, are not typically included in the statistics on refugees (and people in a refugee-like situation) under the mandate of the UNHCR.","Refugee Population Statistics Database, UN High Commissioner for Refugees (UNHCR), uri: https://www.unhcr.org/refugee-statistics/download",[]
SM.POP.RRWA.EA,Refugees under the mandate of the UNRWA by country or territory of asylum,,"{'id': '2', 'value': 'World Development Indicators'}","Refugees under the mandate of the United Nations Relief and Works Agency for Palestine Refugees in the Near East (UNRWA), Palestine Refugees, are persons whose normal place of residence was Palestine during the period 1 June 1946 to 15 May 1948 and who lost both home and means of livelihood as a result of the 1948 conflict. Palestine Refugees, and descendants of Palestine refugee males, including legally adopted children, are eligible to register for UNRWA services. UNRWA accepts new applications from persons who wish to be registered as Palestine Refugees. Once they are registered with UNRWA, persons in this category are referred to as Registered Refugees. Refugees under the mandate of the UNRWA are not typically included in the statistics on refugees (and people in a refugee-like situation) under the mandate of the Office of the United Nations High Commissioner for Refugees (UNHCR).","Refugee Population Statistics Database, UN High Commissioner for Refugees (UNHCR), uri: https://www.unhcr.org/refugee-statistics/download;
Statistics Bulletin, UN Relief and Works Agency for Palestine Refugees in the Near East (UNRWA), uri: https://www.unrwa.org/what-we-do/unrwa-statistics-bulletin",[]
SM.POP.RRWA.EO,Refugees under the mandate of the UNRWA by country or territory of origin,,"{'id': '2', 'value': 'World Development Indicators'}","Refugees under the mandate of the United Nations Relief and Works Agency for Palestine Refugees in the Near East (UNRWA), Palestine Refugees, are persons whose normal place of residence was Palestine during the period 1 June 1946 to 15 May 1948 and who lost both home and means of livelihood as a result of the 1948 conflict. Palestine Refugees, and descendants of Palestine refugee males, including legally adopted children, are eligible to register for UNRWA services. UNRWA accepts new applications from persons who wish to be registered as Palestine Refugees. Once they are registered with UNRWA, persons in this category are referred to as Registered Refugees. Refugees under the mandate of the UNRWA are not typically included in the statistics on refugees (and people in a refugee-like situation) under the mandate of the Office of the United Nations High Commissioner for Refugees (UNHCR).","Refugee Population Statistics Database, UN High Commissioner for Refugees (UNHCR), uri: https://www.unhcr.org/refugee-statistics/download;
Statistics Bulletin, UN Relief and Works Agency for Palestine Refugees in the Near East (UNRWA), uri: https://www.unrwa.org/what-we-do/unrwa-statistics-bulletin",[]
VC.BTL.DETH,Battle-related deaths (number of people),,"{'id': '2', 'value': 'World Development Indicators'}","Battle-related deaths are deaths in battle-related conflicts between warring parties in the conflict dyad (two conflict units that are parties to a conflict). Battle-related deaths refer to those deaths caused by the warring parties that can be directly related to combat. This includes battlefield fighting, guerrilla activities (e.g. hit and-run attacks/ambushes) and all kinds of bombardments of military bases, cities and villages etc. The target for the attacks is either the military forces or representatives for the parties, though there is often substantial collateral damage in the form of civilians being killed in the crossfire, indiscriminate bombings, etc. All fatalities, military as well as civilian, incurred in such situations are counted as battle-related deaths.","UCDP Battle-related Deaths Dataset , Uppsala Conflict Data Program (UCDP), uri: https://ucdp.uu.se/downloads/, publisher: Uppsala University","[{'id': '13', 'value': 'Public Sector '}]"
VC.IDP.NWCV,"Internally displaced persons, new displacement associated with conflict and violence (number of cases)",,"{'id': '2', 'value': 'World Development Indicators'}","Internally displaced persons are defined according to the 1998 Guiding Principles (http://www.internal-displacement.org/publications/1998/ocha-guiding-principles-on-internal-displacement) as people or groups of people who have been forced or obliged to flee or to leave their homes or places of habitual residence, in particular as a result of armed conflict, or to avoid the effects of armed conflict, situations of generalized violence, violations of human rights, or natural or human-made disasters and who have not crossed an international border. ""New Displacement"" refers to the number of new cases or incidents of displacement recorded over the specified year, rather than the number of people displaced. This is done because people may have been displaced more than once.","Internal Displacement Monitoring Centre (IDMC), uri: http://www.internal-displacement.org/","[{'id': '13', 'value': 'Public Sector '}]"
VC.IDP.NWDS,"Internally displaced persons, new displacement associated with disasters (number of cases)",,"{'id': '2', 'value': 'World Development Indicators'}","Internally displaced persons are defined according to the 1998 Guiding Principles (http://www.internal-displacement.org/publications/1998/ocha-guiding-principles-on-internal-displacement) as people or groups of people who have been forced or obliged to flee or to leave their homes or places of habitual residence, in particular as a result of armed conflict, or to avoid the effects of armed conflict, situations of generalized violence, violations of human rights, or natural or human-made disasters and who have not crossed an international border. ""New Displacement"" refers to the number of new cases or incidents of displacement recorded over the specified year, rather than the number of people displaced. This is done because people may have been displaced more than once.","Internal Displacement Monitoring Centre (IDMC), uri: http://www.internal-displacement.org/","[{'id': '13', 'value': 'Public Sector '}]"
