code,name,source_id,source,provider,first_year,last_year,world_first,world_last,world_n,world_longest_run,world_gaps,countries_ever,countries_2000,countries_2010,countries_2020,countries_2024,country_year_nonnull,api_url,status,error
VC.BTL.DETH,Battle-related deaths (number of people),2,World Development Indicators,"UCDP Battle-related Deaths Dataset , Uppsala Conflict Data Program (UCDP), uri: https://ucdp.uu.se/downloads/, publisher: Uppsala University",1989.0,2024.0,,,0.0,0.0,,109.0,34.0,24.0,41.0,41.0,1212.0,https://api.worldbank.org/v2/country/all/indicator/VC.BTL.DETH?format=json&per_page=20000&source=2&date=1960%3A2025&page=1,ok,
SP.POP.TOTL,"Population, total",2,World Development Indicators,"World Population Prospects, United Nations (UN), uri: https://population.un.org/wpp/, publisher: UN Population Division;
Statistical databases and publications from national statistical offices, National Statistical Offices (NSOs), uri: https://unstats.un.org/home/nso_sites/, publisher: National Statistical Offices;
Eurostat: Demographic Statistics, Eurostat (ESTAT), uri: https://ec.europa.eu/eurostat/data/database?node_code=earn_ses_monthly, publisher: Eurostat;
Population and Vital Statistics Report (various years), United Nations (UN), uri: https://unstats.un.org, publisher: UN Statistics Division",1960.0,2025.0,1960.0,2025.0,66.0,66.0,,217.0,217.0,217.0,217.0,217.0,14292.0,https://api.worldbank.org/v2/country/all/indicator/SP.POP.TOTL?format=json&per_page=20000&source=2&date=1960%3A2025&page=1,ok,
NY.GDP.PCAP.KD,GDP per capita (constant 2015 US$),2,World Development Indicators,"Country official statistics, National Statistical Organizations and/or Central Banks;
National Accounts data files, Organisation for Economic Co-operation and Development (OECD);
Staff estimates, World Bank (WB)",1960.0,2025.0,1960.0,2025.0,66.0,66.0,,213.0,199.0,210.0,208.0,199.0,11533.0,https://api.worldbank.org/v2/country/all/indicator/NY.GDP.PCAP.KD?format=json&per_page=20000&source=2&date=1960%3A2025&page=1,ok,
NY.GDP.PCAP.KD.ZG,GDP per capita growth (annual %),2,World Development Indicators,"Country official statistics, National Statistical Organizations and/or Central Banks;
National Accounts data files, Organisation for Economic Co-operation and Development (OECD);
Staff estimates, World Bank (WB)",1961.0,2025.0,1961.0,2025.0,65.0,65.0,,214.0,199.0,210.0,210.0,200.0,11408.0,https://api.worldbank.org/v2/country/all/indicator/NY.GDP.PCAP.KD.ZG?format=json&per_page=20000&source=2&date=1960%3A2025&page=1,ok,
NY.GDP.PCAP.PP.KD,"GDP per capita, PPP (constant 2021 international $)",2,World Development Indicators,"International Comparison Program (ICP), World Bank (WB), uri: https://www.worldbank.org/en/programs/icp/data, note: This information is for ICP’s PPPs utilized in WDI, publisher: International Comparison Program (ICP), date accessed: May 30, 2024, date published: May 30, 2024;
The Eurostat PPP Programme, Eurostat (ESTAT), uri: https://ec.europa.eu/eurostat/databrowser/explore/all/all_themes, publisher: Eurostat;
The OECD PPP Programme, Organisation for Economic Co-operation and Development (OECD), uri: https://data-explorer.oecd.org/, publisher: OECD;
Staff estimates, World Bank (WB);
National Accounts data files, Organisation for Economic Co-operation and Development (OECD);
World Economic Outlook database, International Monetary Fund (IMF)",1990.0,2025.0,1990.0,2025.0,36.0,36.0,,199.0,192.0,198.0,199.0,195.0,6977.0,https://api.worldbank.org/v2/country/all/indicator/NY.GDP.PCAP.PP.KD?format=json&per_page=20000&source=2&date=1960%3A2025&page=1,ok,
NE.CON.PRVT.PC.KD,Households and NPISHs Final consumption expenditure per capita (constant 2015 US$),2,World Development Indicators,"Country official statistics, National Statistical Offices (NSOs);
National Accounts data files, Central Banks;
Staff estimates, World Bank (WB)",1960.0,2025.0,1970.0,2024.0,55.0,55.0,,180.0,130.0,163.0,169.0,159.0,7163.0,https://api.worldbank.org/v2/country/all/indicator/NE.CON.PRVT.PC.KD?format=json&per_page=20000&source=2&date=1960%3A2025&page=1,ok,
BX.KLT.DINV.WD.GD.ZS,"Foreign direct investment, net inflows (% of GDP)",2,World Development Indicators,"International Financial Statistics and Balance of Payments databases, International Monetary Fund (IMF);
International Debt Statistics, World Bank (WB);
World Bank GDP estimates, World Bank (WB);
OECD GDP estimates, Organisation for Economic Co-operation and Development (OECD)",1970.0,2025.0,1970.0,2025.0,56.0,56.0,,202.0,186.0,193.0,194.0,192.0,9306.0,https://api.worldbank.org/v2/country/all/indicator/BX.KLT.DINV.WD.GD.ZS?format=json&per_page=20000&source=2&date=1960%3A2025&page=1,ok,
SI.POV.DDAY,Poverty headcount ratio at $3.00 a day (2021 PPP) (% of population),2,World Development Indicators,"World Bank, Poverty and Inequality Platform. Data are based on primary household survey data obtained from government statistical agencies and World Bank country departments. Data for high-income economies are mostly from the Luxembourg Income Study database. For more information and methodology, please see http://pip.worldbank.org., World Bank (WB), uri: http://pip.worldbank.org, note: Data are based on primary household survey data obtained from government statistical agencies and World Bank country departments. Data for high-income economies are mostly from the Luxembourg Income Study database.",1963.0,2025.0,1981.0,2024.0,43.0,38.0,2019,171.0,57.0,86.0,70.0,25.0,2430.0,https://api.worldbank.org/v2/country/all/indicator/SI.POV.DDAY?format=json&per_page=20000&source=2&date=1960%3A2025&page=1,ok,
SI.POV.LMIC,Poverty headcount ratio at $4.20 a day (2021 PPP) (% of population),2,World Development Indicators,"World Bank, Poverty and Inequality Platform. Data are based on primary household survey data obtained from government statistical agencies and World Bank country departments. Data for high-income economies are mostly from the Luxembourg Income Study database. For more information and methodology, please see http://pip.worldbank.org., World Bank (WB), uri: http://pip.worldbank.org, note: Data are based on primary household survey data obtained from government statistical agencies and World Bank country departments. Data for high-income economies are mostly from the Luxembourg Income Study database.",1963.0,2025.0,1981.0,2024.0,43.0,38.0,2019,171.0,57.0,86.0,70.0,25.0,2430.0,https://api.worldbank.org/v2/country/all/indicator/SI.POV.LMIC?format=json&per_page=20000&source=2&date=1960%3A2025&page=1,ok,
SI.POV.UMIC,Poverty headcount ratio at $8.30 a day (2021 PPP) (% of population),2,World Development Indicators,"World Bank, Poverty and Inequality Platform. Data are based on primary household survey data obtained from government statistical agencies and World Bank country departments. Data for high-income economies are mostly from the Luxembourg Income Study database. For more information and methodology, please see http://pip.worldbank.org., World Bank (WB), uri: http://pip.worldbank.org, note: Data are based on primary household survey data obtained from government statistical agencies and World Bank country departments. Data for high-income economies are mostly from the Luxembourg Income Study database.",1963.0,2025.0,1981.0,2024.0,43.0,38.0,2019,171.0,57.0,86.0,70.0,25.0,2430.0,https://api.worldbank.org/v2/country/all/indicator/SI.POV.UMIC?format=json&per_page=20000&source=2&date=1960%3A2025&page=1,ok,
SI.POV.GAPS,Poverty gap at $3.00 a day (2021 PPP) (%),2,World Development Indicators,"World Bank, Poverty and Inequality Platform. Data are based on primary household survey data obtained from government statistical agencies and World Bank country departments. Data for high-income economies are mostly from the Luxembourg Income Study database. For more information and methodology, please see http://pip.worldbank.org., World Bank (WB), uri: http://pip.worldbank.org, note: Data are based on primary household survey data obtained from government statistical agencies and World Bank country departments. Data for high-income economies are mostly from the Luxembourg Income Study database.",1963.0,2025.0,1981.0,2024.0,43.0,38.0,2019,171.0,57.0,86.0,70.0,25.0,2430.0,https://api.worldbank.org/v2/country/all/indicator/SI.POV.GAPS?format=json&per_page=20000&source=2&date=1960%3A2025&page=1,ok,
SM.POP.REFG.OR,,,,,,,,,,,,,,,,,,,error,"API error: [{'message': [{'id': '175', 'key': 'Invalid format', 'value': 'The indicator was not found. It may have been deleted or archived.'}]}]"
SM.POP.REFG,,,,,,,,,,,,,,,,,,,error,"API error: [{'message': [{'id': '175', 'key': 'Invalid format', 'value': 'The indicator was not found. It may have been deleted or archived.'}]}]"
SM.POP.IDPC,Internally displaced people (IDP) by country or territory of asylum / origin,2,World Development Indicators,"Refugee Population Statistics Database, UN High Commissioner for Refugees (UNHCR), uri: https://www.unhcr.org/refugee-statistics/download;
Global Internal Displacement Database, Internal Displacement Monitoring Centre (IDMC), uri: https://www.internal-displacement.org/database/displacement-data/",2009.0,2025.0,2009.0,2025.0,17.0,17.0,,82.0,0.0,47.0,55.0,59.0,900.0,https://api.worldbank.org/v2/country/all/indicator/SM.POP.IDPC?format=json&per_page=20000&source=2&date=1960%3A2025&page=1,ok,
SM.POP.FDIP,Forcibly displaced people,2,World Development Indicators,"Refugee Population Statistics Database, UN High Commissioner for Refugees (UNHCR), uri: https://www.unhcr.org/refugee-statistics/download",2010.0,2025.0,2010.0,2025.0,16.0,16.0,,191.0,0.0,167.0,177.0,181.0,2797.0,https://api.worldbank.org/v2/country/all/indicator/SM.POP.FDIP?format=json&per_page=20000&source=2&date=1960%3A2025&page=1,ok,
VC.IDP.NWCV,"Internally displaced persons, new displacement associated with conflict and violence (number of cases)",2,World Development Indicators,"Internal Displacement Monitoring Centre (IDMC), uri: http://www.internal-displacement.org/",2009.0,2023.0,,,0.0,0.0,,71.0,0.0,20.0,41.0,0.0,513.0,https://api.worldbank.org/v2/country/all/indicator/VC.IDP.NWCV?format=json&per_page=20000&source=2&date=1960%3A2025&page=1,ok,
VC.IDP.TOCV,,,,,,,,,,,,,,,,,,,error,"API error: [{'message': [{'id': '175', 'key': 'Invalid format', 'value': 'The indicator was not found. It may have been deleted or archived.'}]}]"
PV.EST,,,,,,,,,,,,,,,,,,,error,"API error: [{'message': [{'id': '175', 'key': 'Invalid format', 'value': 'The indicator was not found. It may have been deleted or archived.'}]}]"
SL.UEM.TOTL.ZS,"Unemployment, total (% of total labor force) (modeled ILO estimate)",2,World Development Indicators,"ILO Modelled Estimates database (ILOEST), International Labour Organization (ILO), uri: https://ilostat.ilo.org/data/bulk/, publisher: ILOSTAT, type: external database, date accessed: January 17, 2026",1991.0,2025.0,1991.0,2025.0,35.0,35.0,,187.0,187.0,187.0,187.0,182.0,6531.0,https://api.worldbank.org/v2/country/all/indicator/SL.UEM.TOTL.ZS?format=json&per_page=20000&source=2&date=1960%3A2025&page=1,ok,
FP.CPI.TOTL.ZG,"Inflation, consumer prices (annual %)",2,World Development Indicators,"International Financial Statistics database, International Monetary Fund (IMF)",1960.0,2025.0,1981.0,2025.0,45.0,45.0,,193.0,163.0,188.0,178.0,174.0,9136.0,https://api.worldbank.org/v2/country/all/indicator/FP.CPI.TOTL.ZG?format=json&per_page=20000&source=2&date=1960%3A2025&page=1,ok,
SM.POP.RHCR.EO,Refugees under the mandate of the UNHCR by country or territory of origin,2,World Development Indicators,"Refugee Population Statistics Database, UN High Commissioner for Refugees (UNHCR), uri: https://www.unhcr.org/refugee-statistics/download",1960.0,2025.0,1960.0,2025.0,66.0,66.0,,203.0,178.0,182.0,192.0,196.0,7365.0,https://api.worldbank.org/v2/country/all/indicator/SM.POP.RHCR.EO?format=json&per_page=20000&source=2&date=1960%3A2025&page=1,ok,
SM.POP.RHCR.EA,Refugees under the mandate of the UNHCR by country or territory of asylum,2,World Development Indicators,"Refugee Population Statistics Database, UN High Commissioner for Refugees (UNHCR), uri: https://www.unhcr.org/refugee-statistics/download",1960.0,2025.0,1960.0,2025.0,66.0,66.0,,189.0,151.0,164.0,173.0,179.0,7511.0,https://api.worldbank.org/v2/country/all/indicator/SM.POP.RHCR.EA?format=json&per_page=20000&source=2&date=1960%3A2025&page=1,ok,
SM.POP.RRWA.EO,Refugees under the mandate of the UNRWA by country or territory of origin,2,World Development Indicators,"Refugee Population Statistics Database, UN High Commissioner for Refugees (UNHCR), uri: https://www.unhcr.org/refugee-statistics/download;
Statistics Bulletin, UN Relief and Works Agency for Palestine Refugees in the Near East (UNRWA), uri: https://www.unrwa.org/what-we-do/unrwa-statistics-bulletin",1960.0,2025.0,1960.0,2025.0,66.0,66.0,,1.0,1.0,1.0,1.0,1.0,66.0,https://api.worldbank.org/v2/country/all/indicator/SM.POP.RRWA.EO?format=json&per_page=20000&source=2&date=1960%3A2025&page=1,ok,
SL.EMP.VULN.ZS,"Vulnerable employment, total (% of total employment) (modeled ILO estimate)",2,World Development Indicators,"ILO Modelled Estimates database (ILOEST), International Labour Organization (ILO), uri: https://ilostat.ilo.org/data/bulk/, publisher: ILOSTAT, type: estimates based on external database;
Staff estimates, World Bank (WB)",1991.0,2025.0,1991.0,2025.0,35.0,35.0,,187.0,187.0,187.0,187.0,182.0,6531.0,https://api.worldbank.org/v2/country/all/indicator/SL.EMP.VULN.ZS?format=json&per_page=20000&source=2&date=1960%3A2025&page=1,ok,
