year,BX.KLT.DINV.WD.GD.ZS
1970,106
1971,107
1972,113
1973,116
1974,119
1975,123
1976,122
1977,128
1978,129
1979,133
1980,139
1981,142
1982,144
1983,145
1984,146
1985,150
1986,150
1987,152
1988,153
1989,153
1990,154
1991,156
1992,168
1993,174
1994,173
1995,177
1996,177
1997,180
1998,180
1999,181
2000,186
2001,187
2002,188
2003,189
2004,189
2005,190
2006,191
2007,193
2008,194
2009,194
2010,193
2011,195
2012,195
2013,195
2014,196
2015,195
2016,194
2017,194
2018,195
2019,194
2020,194
2021,196
2022,195
2023,195
2024,192
2025,97
