year,FP.CPI.TOTL.ZG
1960,63
1961,65
1962,67
1963,67
1964,72
1965,76
1966,82
1967,87
1968,88
1969,89
1970,92
1971,95
1972,97
1973,99
1974,100
1975,102
1976,103
1977,105
1978,105
1979,103
1980,106
1981,114
1982,115
1983,115
1984,118
1985,119
1986,125
1987,128
1988,128
1989,131
1990,131
1991,135
1992,142
1993,148
1994,151
1995,155
1996,158
1997,158
1998,158
1999,160
2000,163
2001,168
2002,170
2003,173
2004,174
2005,177
2006,180
2007,182
2008,183
2009,186
2010,188
2011,192
2012,191
2013,190
2014,190
2015,189
2016,189
2017,184
2018,183
2019,183
2020,178
2021,178
2022,178
2023,176
2024,174
2025,165
