year,NE.CON.PRVT.PC.KD
1960,39
1961,40
1962,41
1963,41
1964,43
1965,47
1966,48
1967,49
1968,49
1969,50
1970,69
1971,69
1972,69
1973,69
1974,69
1975,71
1976,72
1977,72
1978,72
1979,72
1980,78
1981,78
1982,80
1983,80
1984,80
1985,80
1986,81
1987,82
1988,83
1989,85
1990,98
1991,100
1992,100
1993,106
1994,110
1995,118
1996,121
1997,123
1998,124
1999,124
2000,130
2001,132
2002,138
2003,140
2004,142
2005,145
2006,149
2007,151
2008,154
2009,157
2010,163
2011,164
2012,164
2013,167
2014,169
2015,180
2016,171
2017,170
2018,170
2019,169
2020,169
2021,168
2022,168
2023,163
2024,159
2025,129
