year,NY.GDP.PCAP.KD.ZG
1961,107
1962,112
1963,112
1964,112
1965,112
1966,115
1967,118
1968,119
1969,119
1970,119
1971,142
1972,142
1973,142
1974,142
1975,143
1976,145
1977,146
1978,151
1979,151
1980,152
1981,161
1982,163
1983,165
1984,165
1985,168
1986,169
1987,171
1988,174
1989,175
1990,176
1991,194
1992,194
1993,195
1994,195
1995,196
1996,197
1997,197
1998,199
1999,199
2000,199
2001,200
2002,200
2003,204
2004,204
2005,204
2006,204
2007,205
2008,206
2009,209
2010,210
2011,210
2012,209
2013,209
2014,210
2015,211
2016,210
2017,210
2018,211
2019,210
2020,210
2021,210
2022,209
2023,204
2024,200
2025,186
