year,NY.GDP.PCAP.KD
1960,107
1961,112
1962,112
1963,112
1964,112
1965,114
1966,117
1967,118
1968,118
1969,118
1970,140
1971,140
1972,140
1973,140
1974,141
1975,143
1976,144
1977,149
1978,149
1979,150
1980,159
1981,161
1982,163
1983,163
1984,166
1985,167
1986,169
1987,172
1988,173
1989,174
1990,192
1991,192
1992,193
1993,193
1994,194
1995,195
1996,195
1997,197
1998,197
1999,197
2000,199
2001,199
2002,203
2003,203
2004,203
2005,203
2006,204
2007,205
2008,208
2009,210
2010,210
2011,210
2012,209
2013,210
2014,210
2015,212
2016,209
2017,209
2018,209
2019,208
2020,208
2021,208
2022,208
2023,203
2024,199
2025,186
