year,SI.POV.LMIC
1963,1
1964,1
1965,1
1966,1
1967,1
1968,2
1969,2
1970,3
1971,3
1972,2
1973,3
1974,2
1975,5
1976,2
1977,5
1978,3
1979,8
1980,7
1981,12
1982,6
1983,7
1984,12
1985,17
1986,17
1987,27
1988,16
1989,23
1990,23
1991,23
1992,41
1993,36
1994,31
1995,47
1996,43
1997,36
1998,54
1999,45
2000,57
2001,48
2002,69
2003,70
2004,76
2005,81
2006,82
2007,72
2008,79
2009,83
2010,86
2011,82
2012,87
2013,77
2014,84
2015,87
2016,83
2017,78
2018,93
2019,78
2020,70
2021,81
2022,73
2023,57
2024,25
2025,4
