year,SM.POP.RHCR.EA
1960,19
1961,24
1962,25
1963,26
1964,30
1965,34
1966,34
1967,31
1968,38
1969,50
1970,54
1971,56
1972,62
1973,47
1974,57
1975,51
1976,53
1977,72
1978,81
1979,89
1980,89
1981,93
1982,94
1983,96
1984,95
1985,98
1986,97
1987,99
1988,98
1989,100
1990,110
1991,116
1992,129
1993,139
1994,141
1995,143
1996,143
1997,146
1998,144
1999,151
2000,151
2001,149
2002,148
2003,146
2004,148
2005,148
2006,151
2007,152
2008,154
2009,160
2010,164
2011,166
2012,165
2013,169
2014,170
2015,171
2016,173
2017,172
2018,174
2019,172
2020,173
2021,176
2022,174
2023,176
2024,179
2025,176
