year,SM.POP.RHCR.EO
1960,1
1961,3
1962,3
1963,5
1964,12
1965,13
1966,18
1967,17
1968,22
1969,25
1970,30
1971,30
1972,31
1973,25
1974,31
1975,36
1976,31
1977,31
1978,43
1979,41
1980,55
1981,57
1982,60
1983,58
1984,59
1985,60
1986,63
1987,61
1988,77
1989,84
1990,92
1991,99
1992,112
1993,121
1994,157
1995,162
1996,165
1997,159
1998,165
1999,168
2000,178
2001,178
2002,183
2003,183
2004,181
2005,185
2006,184
2007,183
2008,182
2009,183
2010,182
2011,187
2012,187
2013,191
2014,189
2015,191
2016,189
2017,192
2018,190
2019,193
2020,192
2021,194
2022,195
2023,197
2024,196
2025,198
