year,SP.POP.TOTL
1960,216
1961,216
1962,216
1963,216
1964,216
1965,216
1966,216
1967,216
1968,216
1969,216
1970,216
1971,216
1972,216
1973,216
1974,216
1975,216
1976,216
1977,216
1978,216
1979,216
1980,216
1981,216
1982,216
1983,216
1984,216
1985,216
1986,216
1987,216
1988,216
1989,216
1990,217
1991,217
1992,217
1993,217
1994,217
1995,217
1996,217
1997,217
1998,217
1999,217
2000,217
2001,217
2002,217
2003,217
2004,217
2005,217
2006,217
2007,217
2008,217
2009,217
2010,217
2011,217
2012,217
2013,217
2014,217
2015,217
2016,217
2017,217
2018,217
2019,217
2020,217
2021,217
2022,217
2023,217
2024,217
2025,217
