"Data Source","World Development Indicators",

"Last Updated Date","2026-07-13",

"Country Name","Country Code","Indicator Name","Indicator Code","1960","1961","1962","1963","1964","1965","1966","1967","1968","1969","1970","1971","1972","1973","1974","1975","1976","1977","1978","1979","1980","1981","1982","1983","1984","1985","1986","1987","1988","1989","1990","1991","1992","1993","1994","1995","1996","1997","1998","1999","2000","2001","2002","2003","2004","2005","2006","2007","2008","2009","2010","2011","2012","2013","2014","2015","2016","2017","2018","2019","2020","2021","2022","2023","2024","2025",
"Aruba","ABW","Forcibly displaced people","SM.POP.FDIP","","","","","","","","","","","","","","","","","","","","","","","","","","","","","","","","","","","","","","","","","","","","","","","","","","","","5","5","5","5","","5","147","16009","17008","17000","17000","17000","17085","11470","11470",
"Africa Eastern and Southern","AFE","Forcibly displaced people","SM.POP.FDIP","","","","","","","","","","","","","","","","","","","","","","","","","","","","","","","","","","","","","","","","","","","","","","","","","","","10498687","8534666","10439042","10165193","12548151","13090727","13418445","16228804","17604032","18812670","20507848","23283252","25286724","30376164","31403414","27458234",
"Afghanistan","AFG","Forcibly displaced people","SM.POP.FDIP","","","","","","","","","","","","","","","","","","","","","","","","","","","","","","","","","","","","","","","","","","","","","","","","","","","358464","453063","508233","647922","1105480","1431631","1259893","1362142","2670509","3065474","3619445","4381200","4565377","4222076","4208236","4376251",
"Africa Western and Central","AFW","Forcibly displaced people","SM.POP.FDIP","","","","","","","","","","","","","","","","","","","","","","","","","","","","","","","","","","","","","","","","","","","","","","","","","","","1794104","1521386","1561923","5675100","3200610","4480995","4399622","4609986","5723256","7128361","8399150","9511349","10229617","10632446","11102550","11873603",
"Angola","AGO","Forcibly displaced people","SM.POP.FDIP","","","","","","","","","","","","","","","","","","","","","","","","","","","","","","","","","","","","","","","","","","","","","","","","","","","19370","19366","43722","43802","45668","45678","45678","71250","69984","55971","56069","56324","55782","55442","55542","55657",
"Albania","ALB","Forcibly displaced people","SM.POP.FDIP","","","","","","","","","","","","","","","","","","","","","","","","","","","","","","","","","","","","","","","","","","","","","","","","","","","95","105","112","324","593","939","2891","156","291","125","105","115","2681","5087","9381","4684",
"Andorra","AND","Forcibly displaced people","SM.POP.FDIP","","","","","","","","","","","","","","","","","","","","","","","","","","","","","","","","","","","","","","","","","","","","","","","","","","","","","","","","","","","","","","","","","","",
"Arab World","ARB","Forcibly displaced people","SM.POP.FDIP","","","","","","","","","","","","","","","","","","","","","","","","","","","","","","","","","","","","","","","","","","","","","","","","","","","16860185","14400459","16781127","20539033","24603977","25986348","24911379","24094290","25189698","26727974","26634151","28111328","29820285","36215778","39864433","35096333",
"United Arab Emirates","ARE","Forcibly displaced people","SM.POP.FDIP","","","","","","","","","","","","","","","","","","","","","","","","","","","","","","","","","","","","","","","","","","","","","","","","","","","626","716","719","676","631","1085","1493","2766","7667","8508","8544","8558","8509","8460","7634","7634",
"Argentina","ARG","Forcibly displaced people","SM.POP.FDIP","","","","","","","","","","","","","","","","","","","","","","","","","","","","","","","","","","","","","","","","","","","","","","","","","","","4173","4537","5369","4239","4319","4249","7184","7443","136696","185181","184800","179698","180368","226774","173791","183098",
"Armenia","ARM","Forcibly displaced people","SM.POP.FDIP","","","","","","","","","","","","","","","","","","","","","","","","","","","","","","","","","","","","","","","","","","","","","","","","","","","11706","11330","11627","22197","26092","27765","26356","18030","18071","18138","108846","35709","42814","158295","145354","124085",
"American Samoa","ASM","Forcibly displaced people","SM.POP.FDIP","","","","","","","","","","","","","","","","","","","","","","","","","","","","","","","","","","","","","","","","","","","","","","","","","","","","","","","","","","","","","","","","","","",
"Antigua and Barbuda","ATG","Forcibly displaced people","SM.POP.FDIP","","","","","","","","","","","","","","","","","","","","","","","","","","","","","","","","","","","","","","","","","","","","","","","","","","","","","","","","15","5","","","","","","0","","5","",
"Australia","AUS","Forcibly displaced people","SM.POP.FDIP","","","","","","","","","","","","","","","","","","","","","","","","","","","","","","","","","","","","","","","","","","","","","","","","","","","25504","28633","41052","47994","57027","57669","71820","96509","117579","135891","138212","138416","144979","117127","120789","116340",
"Austria","AUT","Forcibly displaced people","SM.POP.FDIP","","","","","","","","","","","","","","","","","","","","","","","","","","","","","","","","","","","","","","","","","","","","","","","","","","","68215","71519","74125","78306","83469","152258","169624","171531","166126","162647","162526","180361","311700","295850","313711","308665",
"Azerbaijan","AZE","Forcibly displaced people","SM.POP.FDIP","","","","","","","","","","","","","","","","","","","","","","","","","","","","","","","","","","","","","","","","","","","","","","","","","","","594909","600769","601604","544645","570696","565494","583448","644244","645339","652290","736620","656710","665566","663939","664698","663588",
"Burundi","BDI","Forcibly displaced people","SM.POP.FDIP","","","","","","","","","","","","","","","","","","","","","","","","","","","","","","","","","","","","","","","","","","","","","","","","","","","141423","124712","126940","130533","133977","155286","120070","122904","109159","110460","102375","104788","97086","95599","98064","119066",
"Belgium","BEL","Forcibly displaced people","SM.POP.FDIP","","","","","","","","","","","","","","","","","","","","","","","","","","","","","","","","","","","","","","","","","","","","","","","","","","","36179","41402","37046","37096","39113","71298","66256","60918","61708","72524","94278","103018","192523","212431","236689","245118",
"Benin","BEN","Forcibly displaced people","SM.POP.FDIP","","","","","","","","","","","","","","","","","","","","","","","","","","","","","","","","","","","","","","","","","","","","","","","","","","","7229","7567","5093","296","482","702","1028","1318","4975","5111","5360","4942","4439","21758","35225","54921",
"Burkina Faso","BFA","Forcibly displaced people","SM.POP.FDIP","","","","","","","","","","","","","","","","","","","","","","","","","","","","","","","","","","","","","","","","","","","","","","","","","","","1061","1216","39988","30019","32095","34158","33377","29095","72160","585898","1095282","1614423","1916926","2101881","2104408","2105953",
"Bangladesh","BGD","Forcibly displaced people","SM.POP.FDIP","","","","","","","","","","","","","","","","","","","","","","","","","","","","","","","","","","","","","","","","","","","","","","","","","","","655256","655669","656696","657150","658482","657954","702203","1364324","1332679","1280813","1292552","1344955","1378408","1397984","1590637","1761105",
"Bulgaria","BGR","Forcibly displaced people","SM.POP.FDIP","","","","","","","","","","","","","","","","","","","","","","","","","","","","","","","","","","","","","","","","","","","","","","","","","","","6911","7057","3543","8844","17761","26031","33824","21878","21466","21492","23051","30377","187462","109559","114728","106913",
"Bahrain","BHR","Forcibly displaced people","SM.POP.FDIP","","","","","","","","","","","","","","","","","","","","","","","","","","","","","","","","","","","","","","","","","","","","","","","","","","","231","355","335","346","354","359","381","366","320","309","360","446","377","376","371","362",
"Bahamas, The","BHS","Forcibly displaced people","SM.POP.FDIP","","","","","","","","","","","","","","","","","","","","","","","","","","","","","","","","","","","","","","","","","","","","","","","","","","","35","40","49","27","31","27","26","23","38","23","28","23","41","31","30","10",
"Bosnia and Herzegovina","BIH","Forcibly displaced people","SM.POP.FDIP","","","","","","","","","","","","","","","","","","","","","","","","","","","","","","","","","","","","","","","","","","","","","","","","","","","120163","119964","109935","109958","106890","104809","103317","104447","105230","104966","104488","92390","91340","95429","95685","95750",
"Belarus","BLR","Forcibly displaced people","SM.POP.FDIP","","","","","","","","","","","","","","","","","","","","","","","","","","","","","","","","","","","","","","","","","","","","","","","","","","","649","640","628","683","1173","2078","1875","2428","2409","2856","3043","2843","20354","40386","44621","42264",
"Belize","BLZ","Forcibly displaced people","SM.POP.FDIP","","","","","","","","","","","","","","","","","","","","","","","","","","","","","","","","","","","","","","","","","","","","","","","","","","","165","134","102","83","124","750","2427","3120","3334","2173","2278","2101","2127","2187","2287","2183",
"Bermuda","BMU","Forcibly displaced people","SM.POP.FDIP","","","","","","","","","","","","","","","","","","","","","","","","","","","","","","","","","","","","","","","","","","","","","","","","","","","","","","","","","","","","","","","","","","",
"Bolivia","BOL","Forcibly displaced people","SM.POP.FDIP","","","","","","","","","","","","","","","","","","","","","","","","","","","","","","","","","","","","","","","","","","","","","","","","","","","723","718","725","739","767","762","776","836","836","6608","10830","12971","14708","17296","19638","9406",
"Brazil","BRA","Forcibly displaced people","SM.POP.FDIP","","","","","","","","","","","","","","","","","","","","","","","","","","","","","","","","","","","","","","","","","","","","","","","","","","","5198","9110","6106","9811","18678","29501","45125","95999","203745","363645","425507","458181","543926","682947","814492","967151",
"Barbados","BRB","Forcibly displaced people","SM.POP.FDIP","","","","","","","","","","","","","","","","","","","","","","","","","","","","","","","","","","","","","","","","","","","","","","","","","","","","","","","","","","","5","10","5","10","","15","13","13",
"Brunei Darussalam","BRN","Forcibly displaced people","SM.POP.FDIP","","","","","","","","","","","","","","","","","","","","","","","","","","","","","","","","","","","","","","","","","","","","","","","","","","","","","","","","","","","","","","","","0","0","0",
"Bhutan","BTN","Forcibly displaced people","SM.POP.FDIP","","","","","","","","","","","","","","","","","","","","","","","","","","","","","","","","","","","","","","","","","","","","","","","","","","","","","","","","","","","","","","","","","","",
"Botswana","BWA","Forcibly displaced people","SM.POP.FDIP","","","","","","","","","","","","","","","","","","","","","","","","","","","","","","","","","","","","","","","","","","","","","","","","","","","3234","3556","2996","2944","2837","2260","2168","2181","2312","1263","1039","746","830","858","823","868",
"Central African Republic","CAF","Forcibly displaced people","SM.POP.FDIP","","","","","","","","","","","","","","","","","","","","","","","","","","","","","","","","","","","","","","","","","","","","","","","","","","","214781","124184","148618","951958","447100","459664","424427","699604","648049","599479","691368","702070","527683","577419","522378","490761",
"Canada","CAN","Forcibly displaced people","SM.POP.FDIP","","","","","","","","","","","","","","","","","","","","","","","","","","","","","","","","","","","","","","","","","","","","","","","","","","","216542","206714","196398","182492","165863","155521","121268","156627","192867","198774","194566","193269","253687","367409","561551","730497",
"Central Europe and the Baltics","CEB","Forcibly displaced people","SM.POP.FDIP","","","","","","","","","","","","","","","","","","","","","","","","","","","","","","","","","","","","","","","","","","","","","","","","","","","40615","41620","34314","40210","64617","95393","69354","58883","58858","60056","51246","60776","2016567","1952599","2117565","2099559",
"Switzerland","CHE","Forcibly displaced people","SM.POP.FDIP","","","","","","","","","","","","","","","","","","","","","","","","","","","","","","","","","","","","","","","","","","","","","","","","","","","61697","67294","72403","74535","83401","106017","113446","116758","118787","121362","122345","125938","197378","211391","213177","225326",
"Channel Islands","CHI","Forcibly displaced people","SM.POP.FDIP","","","","","","","","","","","","","","","","","","","","","","","","","","","","","","","","","","","","","","","","","","","","","","","","","","","","","","","","","","","","","","","","","","",
"Chile","CHL","Forcibly displaced people","SM.POP.FDIP","","","","","","","","","","","","","","","","","","","","","","","","","","","","","","","","","","","","","","","","","","","","","","","","","","","1884","2025","2045","2154","2335","2895","4948","10323","299141","463279","464669","512495","450874","450760","539515","674696",
"China","CHN","Forcibly displaced people","SM.POP.FDIP","","","","","","","","","","","","","","","","","","","","","","","","","","","","","","","","","","","","","","","","","","","","","","","","","","","301104","301042","301290","301419","301499","301716","317901","322405","322341","304023","304148","304221","1105","995","814","712",
"Cote d'Ivoire","CIV","Forcibly displaced people","SM.POP.FDIP","","","","","","","","","","","","","","","","","","","","","","","","","","","","","","","","","","","","","","","","","","","","","","","","","","","548459","271871","84480","83566","303578","305616","302673","303927","304006","304171","310310","306478","307812","39830","69176","82807",
"Cameroon","CMR","Forcibly displaced people","SM.POP.FDIP","","","","","","","","","","","","","","","","","","","","","","","","","","","","","","","","","","","","","","","","","","","","","","","","","","","106647","103657","102083","123068","315858","472326","555650","582147","1056419","1385189","1446205","1374287","1470134","1539573","1472740","1381166",
"Congo, Dem. Rep.","COD","Forcibly displaced people","SM.POP.FDIP","","","","","","","","","","","","","","","","","","","","","","","","","","","","","","","","","","","","","","","","","","","","","","","","","","","1867253","1863879","2766927","3078810","2877934","1884073","2683281","5017896","3615835","6038925","5759723","5865366","6208691","7263498","6733445","4879844",
"Congo, Rep.","COG","Forcibly displaced people","SM.POP.FDIP","","","","","","","","","","","","","","","","","","","","","","","","","","","","","","","","","","","","","","","","","","","","","","","","","","","146417","152032","109561","61477","65834","57092","78126","163601","153667","174085","174719","188435","86913","67222","69766","70609",
"Colombia","COL","Forcibly displaced people","SM.POP.FDIP","","","","","","","","","","","","","","","","","","","","","","","","","","","","","","","","","","","","","","","","","","","","","","","","","","","5196363","5281323","5455274","5700265","6044352","6270317","7246609","6509785","6935697","7356965","6672427","7107814","7244144","7953384","10075215","10040663",
"Comoros","COM","Forcibly displaced people","SM.POP.FDIP","","","","","","","","","","","","","","","","","","","","","","","","","","","","","","","","","","","","","","","","","","","","","","","","","","","","","","","","","","","","","","27","17","10","29","19",
"Cabo Verde","CPV","Forcibly displaced people","SM.POP.FDIP","","","","","","","","","","","","","","","","","","","","","","","","","","","","","","","","","","","","","","","","","","","","","","","","","","","","","","","0","0","0","0","0","0","0","0","0","0","0","0",
"Costa Rica","CRI","Forcibly displaced people","SM.POP.FDIP","","","","","","","","","","","","","","","","","","","","","","","","","","","","","","","","","","","","","","","","","","","","","","","","","","","19863","20495","21059","21147","22477","6862","7788","11907","37126","114186","121738","184497","270326","235588","262804","233727",
"Caribbean small states","CSS","Forcibly displaced people","SM.POP.FDIP","","","","","","","","","","","","","","","","","","","","","","","","","","","","","","","","","","","","","","","","","","","","","","","","","","","334","211","171","175","323","996","2819","5523","82630","53126","55755","64125","62520","66368","61126","58003",
"Cuba","CUB","Forcibly displaced people","SM.POP.FDIP","","","","","","","","","","","","","","","","","","","","","","","","","","","","","","","","","","","","","","","","","","","","","","","","","","","417","381","371","377","282","323","340","358","311","265","232","213","182","161","171","155",
"Curacao","CUW","Forcibly displaced people","SM.POP.FDIP","","","","","","","","","","","","","","","","","","","","","","","","","","","","","","","","","","","","","","","","","","","","","","","","","","","7","11","37","58","74","80","108","803","26127","16577","17077","17000","14000","14000","11593","6903",
"Cayman Islands","CYM","Forcibly displaced people","SM.POP.FDIP","","","","","","","","","","","","","","","","","","","","","","","","","","","","","","","","","","","","","","","","","","","","","","","","","","","5","","","10","5","15","42","57","61","100","105","179","289","142","65","68",
"Cyprus","CYP","Forcibly displaced people","SM.POP.FDIP","","","","","","","","","","","","","","","","","","","","","","","","","","","","","","","","","","","","","","","","","","","","","","","","","","","216782","214540","216251","218508","219556","281272","283527","232006","249269","259110","262480","283613","311777","318708","318303","318369",
"Czechia","CZE","Forcibly displaced people","SM.POP.FDIP","","","","","","","","","","","","","","","","","","","","","","","","","","","","","","","","","","","","","","","","","","","","","","","","","","","3455","3333","3346","3258","3588","4294","4409","4439","4096","3686","3456","2982","436198","378359","392198","396552",
"Germany","DEU","Forcibly displaced people","SM.POP.FDIP","","","","","","","","","","","","","","","","","","","","","","","","","","","","","","","","","","","","","","","","","","","","","","","","","","","646180","634326","675242","323060","443103","736668","1256774","1399622","1433074","1455913","1453753","1509561","2336464","2954500","3098169","2952694",
"Djibouti","DJI","Forcibly displaced people","SM.POP.FDIP","","","","","","","","","","","","","","","","","","","","","","","","","","","","","","","","","","","","","","","","","","","","","","","","","","","15829","22240","22229","23802","24357","22008","25741","26910","28772","30792","32004","34695","29557","31505","32636","35040",
"Dominica","DMA","Forcibly displaced people","SM.POP.FDIP","","","","","","","","","","","","","","","","","","","","","","","","","","","","","","","","","","","","","","","","","","","","","","","","","","","","","","","","","","","","","","","","","5","5",
"Denmark","DNK","Forcibly displaced people","SM.POP.FDIP","","","","","","","","","","","","","","","","","","","","","","","","","","","","","","","","","","","","","","","","","","","","","","","","","","","21241","14801","13336","14758","22035","30243","40502","39897","39298","38955","37974","37542","70548","71268","100832","97745",
"Dominican Republic","DOM","Forcibly displaced people","SM.POP.FDIP","","","","","","","","","","","","","","","","","","","","","","","","","","","","","","","","","","","","","","","","","","","","","","","","","","","2356","2378","1521","1543","1351","1365","1380","1444","26919","34541","114837","116804","116443","126804","126347","100533",
"Algeria","DZA","Forcibly displaced people","SM.POP.FDIP","","","","","","","","","","","","","","","","","","","","","","","","","","","","","","","","","","","","","","","","","","","","","","","","","","","94441","94950","95852","95937","98983","100749","102420","100601","103251","100246","99775","100020","102753","102191","188206","184265",
"East Asia & Pacific (excluding high income)","EAP","Forcibly displaced people","SM.POP.FDIP","","","","","","","","","","","","","","","","","","","","","","","","","","","","","","","","","","","","","","","","","","","","","","","","","","","1177222","1227990","1175760","1486402","1462128","1350229","1383769","1747577","1381671","1327650","1342650","1470899","2019691","3170531","4089580","4889797",
"Early-demographic dividend","EAR","Forcibly displaced people","SM.POP.FDIP","","","","","","","","","","","","","","","","","","","","","","","","","","","","","","","","","","","","","","","","","","","","","","","","","","","15767463","16030136","18361964","22383917","27358801","29788721","26540740","29519552","30824560","32033094","32961041","35825828","40512025","42775874","44294947","41688909",
"East Asia & Pacific","EAS","Forcibly displaced people","SM.POP.FDIP","","","","","","","","","","","","","","","","","","","","","","","","","","","","","","","","","","","","","","","","","","","","","","","","","","","1212448","1267343","1229139","1550825","1540726","1435762","1488154","1892317","1556399","1526450","1533263","1647192","2215237","3368840","4316796","5121812",
"Europe & Central Asia (excluding high income)","ECA","Forcibly displaced people","SM.POP.FDIP","","","","","","","","","","","","","","","","","","","","","","","","","","","","","","","","","","","","","","","","","","","","","","","","","","","2438734","2451980","2808893","2707000","4423293","6398567","5941903","5817161","6051693","5763345","6207125","6076181","11317718","8993049","8594766","8034376",
"Europe & Central Asia","ECS","Forcibly displaced people","SM.POP.FDIP","","","","","","","","","","","","","","","","","","","","","","","","","","","","","","","","","","","","","","","","","","","","","","","","","","","4511846","4408106","4804435","4416964","6669253","9539444","9622417","9602770","9925824","9820018","10214149","10262876","21126826","19858194","18942579","18239145",
"Ecuador","ECU","Forcibly displaced people","SM.POP.FDIP","","","","","","","","","","","","","","","","","","","","","","","","","","","","","","","","","","","","","","","","","","","","","","","","","","","171096","144941","138346","134741","133712","133094","127390","104300","374859","503607","532360","567622","565183","540040","518338","783887",
"Egypt, Arab Rep.","EGY","Forcibly displaced people","SM.POP.FDIP","","","","","","","","","","","","","","","","","","","","","","","","","","","","","","","","","","","","","","","","","","","","","","","","","","","109327","113993","126861","253220","265788","259727","272459","325204","318114","327900","332472","341078","358513","472751","876962","1098301",
"Euro area","EMU","Forcibly displaced people","SM.POP.FDIP","","","","","","","","","","","","","","","","","","","","","","","","","","","","","","","","","","","","","","","","","","","","","","","","","","","1477850","1481199","1521672","1217869","1432803","2031357","2710207","2941949","3095502","3297765","3287147","3454863","5842017","6838996","7242512","7183755",
"Eritrea","ERI","Forcibly displaced people","SM.POP.FDIP","","","","","","","","","","","","","","","","","","","","","","","","","","","","","","","","","","","","","","","","","","","","","","","","","","","14944","14726","13617","13171","12898","2549","2350","2392","2252","199","201","121","119","119","119","119",
"Spain","ESP","Forcibly displaced people","SM.POP.FDIP","","","","","","","","","","","","","","","","","","","","","","","","","","","","","","","","","","","","","","","","","","","","","","","","","","","6502","6890","7292","8970","13305","17470","33343","52407","99122","190781","207009","226389","449070","589971","693298","759794",
"Estonia","EST","Forcibly displaced people","SM.POP.FDIP","","","","","","","","","","","","","","","","","","","","","","","","","","","","","","","","","","","","","","","","","","","","","","","","","","","36","39","48","67","166","231","355","441","349","364","282","336","41437","42351","42439","41620",
"Ethiopia","ETH","Forcibly displaced people","SM.POP.FDIP","","","","","","","","","","","","","","","","","","","","","","","","","","","","","","","","","","","","","","","","","","","","","","","","","","","455302","640179","727225","750863","1060640","1188207","1051579","1970005","3042362","2058800","2862355","4412534","4733812","3895593","3449881","3501453",
"European Union","EUU","Forcibly displaced people","SM.POP.FDIP","","","","","","","","","","","","","","","","","","","","","","","","","","","","","","","","","","","","","","","","","","","","","","","","","","","1628565","1629948","1678048","1402513","1696790","2453808","3094550","3305692","3452301","3650388","3613624","3770278","7757290","8667733","9181274","9109507",
"Finland","FIN","Forcibly displaced people","SM.POP.FDIP","","","","","","","","","","","","","","","","","","","","","","","","","","","","","","","","","","","","","","","","","","","","","","","","","","","10796","11432","11777","12746","13517","37032","23961","23894","25551","31766","29744","26486","75599","97279","97568","104423",
"Fiji","FJI","Forcibly displaced people","SM.POP.FDIP","","","","","","","","","","","","","","","","","","","","","","","","","","","","","","","","","","","","","","","","","","","","","","","","","","","5","5","7","7","18","13","7","17","17","22","19","18","18","15","25","46",
"France","FRA","Forcibly displaced people","SM.POP.FDIP","","","","","","","","","","","","","","","","","","","","","","","","","","","","","","","","","","","","","","","","","","","","","","","","","","","249263","259447","267750","284178","308074","336160","367291","400273","457400","510055","554192","575622","687981","744008","810325","873646",
"Faroe Islands","FRO","Forcibly displaced people","SM.POP.FDIP","","","","","","","","","","","","","","","","","","","","","","","","","","","","","","","","","","","","","","","","","","","","","","","","","","","","","","","","","","","","","","","","","","",
"Micronesia, Fed. Sts.","FSM","Forcibly displaced people","SM.POP.FDIP","","","","","","","","","","","","","","","","","","","","","","","","","","","","","","","","","","","","","","","","","","","","","","","","","","","","","","","","15","5","","","","","","","","","",
"Gabon","GAB","Forcibly displaced people","SM.POP.FDIP","","","","","","","","","","","","","","","","","","","","","","","","","","","","","","","","","","","","","","","","","","","","","","","","","","","13135","4126","4029","4020","2891","2876","2837","850","768","530","547","325","280","290","261","252",
"United Kingdom","GBR","Forcibly displaced people","SM.POP.FDIP","","","","","","","","","","","","","","","","","","","","","","","","","","","","","","","","","","","","","","","","","","","","","","","","","","","253013","210355","168686","151136","153580","168904","162469","162175","171942","195030","209549","241975","496278","586776","640460","725819",
"Georgia","GEO","Forcibly displaced people","SM.POP.FDIP","","","","","","","","","","","","","","","","","","","","","","","","","","","","","","","","","","","","","","","","","","","","","","","","","","","257680","270497","280919","208172","235098","241693","231427","235619","280664","288466","292062","293047","321869","323070","330791","327810",
"Ghana","GHA","Forcibly displaced people","SM.POP.FDIP","","","","","","","","","","","","","","","","","","","","","","","","","","","","","","","","","","","","","","","","","","","","","","","","","","","14576","26225","18615","20519","21082","19254","13231","13456","18208","13455","13917","13773","11048","15066","20534","25425",
"Gibraltar","GIB","Forcibly displaced people","SM.POP.FDIP","","","","","","","","","","","","","","","","","","","","","","","","","","","","","","","","","","","","","","","","","","","","","","","","","","","","","","","","","","","","","","","","","","",
"Guinea","GIN","Forcibly displaced people","SM.POP.FDIP","","","","","","","","","","","","","","","","","","","","","","","","","","","","","","","","","","","","","","","","","","","","","","","","","","","14873","17210","10899","8863","9046","9034","5171","5264","5872","6944","9572","5994","2252","2245","2343","2326",
"Gambia, The","GMB","Forcibly displaced people","SM.POP.FDIP","","","","","","","","","","","","","","","","","","","","","","","","","","","","","","","","","","","","","","","","","","","","","","","","","","","8447","9548","9846","9557","11606","7851","7936","8044","4376","4508","4585","4625","9483","9955","4411","4617",
"Guinea-Bissau","GNB","Forcibly displaced people","SM.POP.FDIP","","","","","","","","","","","","","","","","","","","","","","","","","","","","","","","","","","","","","","","","","","","","","","","","","","","7998","7884","7875","8639","8800","8800","9293","11218","4874","1876","1876","1876","54","54","54","54",
"Equatorial Guinea","GNQ","Forcibly displaced people","SM.POP.FDIP","","","","","","","","","","","","","","","","","","","","","","","","","","","","","","","","","","","","","","","","","","","","","","","","","","","","","","","","","","","","","","","","","5","",
"Greece","GRC","Forcibly displaced people","SM.POP.FDIP","","","","","","","","","","","","","","","","","","","","","","","","","","","","","","","","","","","","","","","","","","","","","","","","","","","57157","45508","38273","53268","42190","50953","86371","83176","137503","186138","163974","156697","182900","225071","144694","166491",
"Grenada","GRD","Forcibly displaced people","SM.POP.FDIP","","","","","","","","","","","","","","","","","","","","","","","","","","","","","","","","","","","","","","","","","","","","","","","","","","","5","5","","","","","","","","","234","234","0","","","",
"Greenland","GRL","Forcibly displaced people","SM.POP.FDIP","","","","","","","","","","","","","","","","","","","","","","","","","","","","","","","","","","","","","","","","","","","","","","","","","","","","","","","","","","","","","","","","","","",
"Guatemala","GTM","Forcibly displaced people","SM.POP.FDIP","","","","","","","","","","","","","","","","","","","","","","","","","","","","","","","","","","","","","","","","","","","","","","","","","","","137","153","162","242168","249257","251345","257295","242388","242631","243039","243226","245418","244220","576040","577676","578674",
"Guam","GUM","Forcibly displaced people","SM.POP.FDIP","","","","","","","","","","","","","","","","","","","","","","","","","","","","","","","","","","","","","","","","","","","","","","","","","","","","","","","","","","","","","","","","","","",
"Guyana","GUY","Forcibly displaced people","SM.POP.FDIP","","","","","","","","","","","","","","","","","","","","","","","","","","","","","","","","","","","","","","","","","","","","","","","","","","","7","7","7","12","12","12","12","17","36437","22071","23402","25934","19810","21750","23479","23465",
"High income","HIC","Forcibly displaced people","SM.POP.FDIP","","","","","","","","","","","","","","","","","","","","","","","","","","","","","","","","","","","","","","","","","","","","","","","","","","","2678927","2579011","2634193","2414266","3044941","4028171","4720128","5125157","5937851","6550021","6631733","7227195","13484513","15598383","15892528","16525006",
"Hong Kong SAR, China","HKG","Forcibly displaced people","SM.POP.FDIP","","","","","","","","","","","","","","","","","","","","","","","","","","","","","","","","","","","","","","","","","","","","","","","","","","","600","720","903","1961","2383","2407","91","90","128","128","245","271","285","301","260","236",
"Honduras","HND","Forcibly displaced people","SM.POP.FDIP","","","","","","","","","","","","","","","","","","","","","","","","","","","","","","","","","","","","","","","","","","","","","","","","","","","11","16","16","38","29042","174038","190026","190038","190083","247184","247201","247243","247272","101283","101341","101711",
"Heavily indebted poor countries (HIPC)","HPC","Forcibly displaced people","SM.POP.FDIP","","","","","","","","","","","","","","","","","","","","","","","","","","","","","","","","","","","","","","","","","","","","","","","","","","","11681071","8875369","10691412","11209499","12529076","12937657","14195512","17472544","20779689","23988899","27231073","31406357","34168322","39758046","41647455","39014760",
"Croatia","HRV","Forcibly displaced people","SM.POP.FDIP","","","","","","","","","","","","","","","","","","","","","","","","","","","","","","","","","","","","","","","","","","","","","","","","","","","3297","3137","1051","868","811","547","829","914","985","1370","1523","1582","21838","26626","29927","30182",
"Haiti","HTI","Forcibly displaced people","SM.POP.FDIP","","","","","","","","","","","","","","","","","","","","","","","","","","","","","","","","","","","","","","","","","","","","","","","","","","","5","6","11","8","","10","5","5","5","2105","7905","17000","171000","311000","1037005","1431000",
"Hungary","HUN","Forcibly displaced people","SM.POP.FDIP","","","","","","","","","","","","","","","","","","","","","","","","","","","","","","","","","","","","","","","","","","","","","","","","","","","5754","5445","4420","4298","18518","41054","8132","6337","6139","5972","5876","5681","35390","63185","72359","71374",
"IBRD only","IBD","Forcibly displaced people","SM.POP.FDIP","","","","","","","","","","","","","","","","","","","","","","","","","","","","","","","","","","","","","","","","","","","","","","","","","","","17251366","17179496","17437238","19033969","24084812","26661012","26024456","25056385","26186832","26789904","26291922","27037889","37519083","36876055","39152157","36004970",
"IDA & IBRD total","IBT","Forcibly displaced people","SM.POP.FDIP","","","","","","","","","","","","","","","","","","","","","","","","","","","","","","","","","","","","","","","","","","","","","","","","","","","36529918","33980454","38120071","46789163","54163044","59013235","57422043","60523499","64752105","70117285","73216150","79564258","94769218","101072738","106758922","100094523",
"IDA total","IDA","Forcibly displaced people","SM.POP.FDIP","","","","","","","","","","","","","","","","","","","","","","","","","","","","","","","","","","","","","","","","","","","","","","","","","","","19278552","16800958","20682833","27755194","30078232","32352223","31397587","35467114","38565273","43327381","46924228","52526369","57250135","64196683","67606765","64089553",
"IDA blend","IDB","Forcibly displaced people","SM.POP.FDIP","","","","","","","","","","","","","","","","","","","","","","","","","","","","","","","","","","","","","","","","","","","","","","","","","","","4395228","4014087","3626728","6960919","6097206","6887537","5377441","5097816","5998037","6732423","7023336","7567029","8144166","8029060","8052391","7823488",
"Indonesia","IDN","Forcibly displaced people","SM.POP.FDIP","","","","","","","","","","","","","","","","","","","","","","","","","","","","","","","","","","","","","","","","","","","","","","","","","","","202866","184230","177918","100282","95171","19620","21082","23298","26982","42630","78711","112098","45674","60243","68964","48071",
"IDA only","IDX","Forcibly displaced people","SM.POP.FDIP","","","","","","","","","","","","","","","","","","","","","","","","","","","","","","","","","","","","","","","","","","","","","","","","","","","14883324","12786871","17056105","20794275","23981026","25464686","26020146","30369298","32567236","36594958","39900892","44959340","49105969","56167623","59554374","56266065",
"Isle of Man","IMN","Forcibly displaced people","SM.POP.FDIP","","","","","","","","","","","","","","","","","","","","","","","","","","","","","","","","","","","","","","","","","","","","","","","","","","","","","","","","","","","","","","","","","","",
"India","IND","Forcibly displaced people","SM.POP.FDIP","","","","","","","","","","","","","","","","","","","","","","","","","","","","","","","","","","","","","","","","","","","","","","","","","","","838555","838626","1189193","718060","1058988","819855","1003057","1033650","686825","677305","679590","731781","756629","781793","775006","783718",
"Not classified","INX","Forcibly displaced people","SM.POP.FDIP","","","","","","","","","","","","","","","","","","","","","","","","","","","","","","","","","","","","","","","","","","","","","","","","","","","","","","","","","","","","","","","","","","",
"Ireland","IRL","Forcibly displaced people","SM.POP.FDIP","","","","","","","","","","","","","","","","","","","","","","","","","","","","","","","","","","","","","","","","","","","","","","","","","","","14187","13614","11732","11455","10408","11090","9941","12385","13171","15648","16428","16475","96364","136152","156441","171597",
"Iran, Islamic Rep.","IRN","Forcibly displaced people","SM.POP.FDIP","","","","","","","","","","","","","","","","","","","","","","","","","","","","","","","","","","","","","","","","","","","","","","","","","","","1075130","886907","868257","857398","982067","979477","979526","979519","979468","979468","800059","798377","3425125","3764517","3489257","1650014",
"Iraq","IRQ","Forcibly displaced people","SM.POP.FDIP","","","","","","","","","","","","","","","","","","","","","","","","","","","","","","","","","","","","","","","","","","","","","","","","","","","2837719","2639379","2203726","2352285","3555605","3575116","3308351","2906703","2259031","1819924","1507047","1478580","1453337","1423066","1366343","1342711",
"Iceland","ISL","Forcibly displaced people","SM.POP.FDIP","","","","","","","","","","","","","","","","","","","","","","","","","","","","","","","","","","","","","","","","","","","","","","","","","","","97","111","142","339","303","329","569","688","986","1259","1641","2136","6221","11565","8960","9119",
"Israel","ISR","Forcibly displaced people","SM.POP.FDIP","","","","","","","","","","","","","","","","","","","","","","","","","","","","","","","","","","","","","","","","","","","","","","","","","","","31036","47665","54172","52942","45256","44606","51803","55361","54123","54586","34361","28274","26373","226699","95413","61956",
"Italy","ITA","Forcibly displaced people","SM.POP.FDIP","","","","","","","","","","","","","","","","","","","","","","","","","","","","","","","","","","","","","","","","","","","","","","","","","","","60472","71591","79102","89883","139442","178171","247258","353975","294833","254632","181934","196641","376160","445218","520127","427058",
"Jamaica","JAM","Forcibly displaced people","SM.POP.FDIP","","","","","","","","","","","","","","","","","","","","","","","","","","","","","","","","","","","","","","","","","","","","","","","","","","","19","19","19","18","23","13","21","21","34","126","99","103","31","","","",
"Jordan","JOR","Forcibly displaced people","SM.POP.FDIP","","","","","","","","","","","","","","","","","","","","","","","","","","","","","","","","","","","","","","","","","","","","","","","","","","","2395476","2435548","2340275","2717260","2790268","2833249","2896279","2941560","3010411","3017362","3059158","3094809","3108028","3116372","3046775","2842473",
"Japan","JPN","Forcibly displaced people","SM.POP.FDIP","","","","","","","","","","","","","","","","","","","","","","","","","","","","","","","","","","","","","","","","","","","","","","","","","","","5606","6325","7274","9316","11846","16302","21313","33393","30933","30586","24897","18217","27924","46251","60361","65097",
"Kazakhstan","KAZ","Forcibly displaced people","SM.POP.FDIP","","","","","","","","","","","","","","","","","","","","","","","","","","","","","","","","","","","","","","","","","","","","","","","","","","","4717","676","642","654","720","790","780","809","758","730","663","657","1268","43161","66152","52931",
"Kenya","KEN","Forcibly displaced people","SM.POP.FDIP","","","","","","","","","","","","","","","","","","","","","","","","","","","","","","","","","","","","","","","","","","","","","","","","","","","680848","851750","906861","999206","894345","902860","632845","647394","633701","651728","694832","730049","603484","729841","923904","845771",
"Kyrgyz Republic","KGZ","Forcibly displaced people","SM.POP.FDIP","","","","","","","","","","","","","","","","","","","","","","","","","","","","","","","","","","","","","","","","","","","","","","","","","","","78010","73501","169288","847","694","509","454","441","434","1281","1447","998","4943","28993","25413","56999",
"Cambodia","KHM","Forcibly displaced people","SM.POP.FDIP","","","","","","","","","","","","","","","","","","","","","","","","","","","","","","","","","","","","","","","","","","","","","","","","","","","173","106","95","70","97","98","231","105","0","27","12","36","36","29","28","518028",
"Kiribati","KIR","Forcibly displaced people","SM.POP.FDIP","","","","","","","","","","","","","","","","","","","","","","","","","","","","","","","","","","","","","","","","","","","","","","","","","","","","","","","","","","","","","","","","","","",
"St. Kitts and Nevis","KNA","Forcibly displaced people","SM.POP.FDIP","","","","","","","","","","","","","","","","","","","","","","","","","","","","","","","","","","","","","","","","","","","","","","","","","","","","","","","","","","5","5","5","19","60","0","19","5","5",
"Korea, Rep.","KOR","Forcibly displaced people","SM.POP.FDIP","","","","","","","","","","","","","","","","","","","","","","","","","","","","","","","","","","","","","","","","","","","","","","","","","","","1046","1548","2014","2935","4634","6881","8633","11797","22717","28758","23516","15705","19777","30791","40084","43513",
"Kuwait","KWT","Forcibly displaced people","SM.POP.FDIP","","","","","","","","","","","","","","","","","","","","","","","","","","","","","","","","","","","","","","","","","","","","","","","","","","","3457","1450","1507","1662","1650","1639","1758","1561","1654","1765","1786","1805","1644","1451","1271","997",
"Latin America & Caribbean (excluding high income)","LAC","Forcibly displaced people","SM.POP.FDIP","","","","","","","","","","","","","","","","","","","","","","","","","","","","","","","","","","","","","","","","","","","","","","","","","","","5874202","5979226","6128296","6614590","7093760","7393472","8440299","7728455","9328774","10446265","10203898","11073426","11755915","13109857","16145311","16808652",
"Lao PDR","LAO","Forcibly displaced people","SM.POP.FDIP","","","","","","","","","","","","","","","","","","","","","","","","","","","","","","","","","","","","","","","","","","","","","","","","","","","","","","","","","","","","","","","","","","",
"Lebanon","LBN","Forcibly displaced people","SM.POP.FDIP","","","","","","","","","","","","","","","","","","","","","","","","","","","","","","","","","","","","","","","","","","","","","","","","","","","514530","493850","622362","1326124","1634133","1553327","1502347","1494752","1452132","1411269","1367203","1337308","1314138","1362919","2236659","835059",
"Liberia","LBR","Forcibly displaced people","SM.POP.FDIP","","","","","","","","","","","","","","","","","","","","","","","","","","","","","","","","","","","","","","","","","","","","","","","","","","","47761","151852","88945","76291","61619","36506","18992","11139","9143","8236","18881","17987","1441","1782","1854","1897",
"Libya","LBY","Forcibly displaced people","SM.POP.FDIP","","","","","","","","","","","","","","","","","","","","","","","","","","","","","","","","","","","","","","","","","","","","","","","","","","","11107","167012","63609","91153","436850","536768","342532","242002","243195","456448","322188","199882","179717","175674","384010","743477",
"St. Lucia","LCA","Forcibly displaced people","SM.POP.FDIP","","","","","","","","","","","","","","","","","","","","","","","","","","","","","","","","","","","","","","","","","","","","","","","","","","","6","5","","5","","","","","","","","","","5","5","5",
"Latin America & Caribbean","LCN","Forcibly displaced people","SM.POP.FDIP","","","","","","","","","","","","","","","","","","","","","","","","","","","","","","","","","","","","","","","","","","","","","","","","","","","5913873","6020079","6169523","6656568","7137831","7424184","8476002","7766133","9915188","11271454","11035474","12035831","12764719","14011702","17162373","17903734",
"Least developed countries: UN classification","LDC","Forcibly displaced people","SM.POP.FDIP","","","","","","","","","","","","","","","","","","","","","","","","","","","","","","","","","","","","","","","","","","","","","","","","","","","12560561","10732371","12837013","13552273","15602333","18107434","18911793","22816056","25633510","29248297","32476459","37439987","41391314","48179749","51410511","49759409",
"Low income","LIC","Forcibly displaced people","SM.POP.FDIP","","","","","","","","","","","","","","","","","","","","","","","","","","","","","","","","","","","","","","","","","","","","","","","","","","","12921698","10997937","15236776","18955163","22143306","23418329","23859707","27533584","29983304","34017212","37243286","42109942","45257037","51067464","52568490","47881083",
"Liechtenstein","LIE","Forcibly displaced people","SM.POP.FDIP","","","","","","","","","","","","","","","","","","","","","","","","","","","","","","","","","","","","","","","","","","","","","","","","","","","121","136","120","116","168","233","239","243","236","154","149","155","530","607","875","1024",
"Sri Lanka","LKA","Forcibly displaced people","SM.POP.FDIP","","","","","","","","","","","","","","","","","","","","","","","","","","","","","","","","","","","","","","","","","","","","","","","","","","","327358","125385","93364","91748","91453","45383","45175","43449","38540","27402","27232","12108","11725","11555","5300","5284",
"Lower middle income","LMC","Forcibly displaced people","SM.POP.FDIP","","","","","","","","","","","","","","","","","","","","","","","","","","","","","","","","","","","","","","","","","","","","","","","","","","","9740807","9431387","9637085","13405507","13355492","14075032","12849536","13393590","13617434","14383975","14645124","15339413","16987453","18862840","22110249","22104440",
"Low & middle income","LMY","Forcibly displaced people","SM.POP.FDIP","","","","","","","","","","","","","","","","","","","","","","","","","","","","","","","","","","","","","","","","","","","","","","","","","","","38378882","35959575","40111353","48817780","56141114","60916722","59433572","62741403","66587956","71796250","74838168","80989239","93682066","100717004","107316945","100751462",
"Lesotho","LSO","Forcibly displaced people","SM.POP.FDIP","","","","","","","","","","","","","","","","","","","","","","","","","","","","","","","","","","","","","","","","","","","","","","","","","","","","38","33","29","43","31","51","83","92","221","450","522","539","682","610","680",
"Late-demographic dividend","LTE","Forcibly displaced people","SM.POP.FDIP","","","","","","","","","","","","","","","","","","","","","","","","","","","","","","","","","","","","","","","","","","","","","","","","","","","8191786","8018947","8414318","9029827","9964479","10077251","10943894","10169922","11091056","11831125","11482122","11706342","14651768","15857794","18161780","17089536",
"Lithuania","LTU","Forcibly displaced people","SM.POP.FDIP","","","","","","","","","","","","","","","","","","","","","","","","","","","","","","","","","","","","","","","","","","","","","","","","","","","875","897","941","992","1146","1169","1431","1826","2004","2230","2002","2002","68129","80558","53859","54537",
"Luxembourg","LUX","Forcibly displaced people","SM.POP.FDIP","","","","","","","","","","","","","","","","","","","","","","","","","","","","","","","","","","","","","","","","","","","","","","","","","","","3914","4549","4149","1904","2317","3655","4206","3515","3505","4333","6558","7776","14567","17480","14344","13334",
"Latvia","LVA","Forcibly displaced people","SM.POP.FDIP","","","","","","","","","","","","","","","","","","","","","","","","","","","","","","","","","","","","","","","","","","","","","","","","","","","103","304","284","332","403","375","491","707","709","706","710","914","39304","46313","49483","32941",
"Macao SAR, China","MAC","Forcibly displaced people","SM.POP.FDIP","","","","","","","","","","","","","","","","","","","","","","","","","","","","","","","","","","","","","","","","","","","","","","","","","","","10","10","5","5","5","5","5","5","","","","","","","","",
"St. Martin (French part)","MAF","Forcibly displaced people","SM.POP.FDIP","","","","","","","","","","","","","","","","","","","","","","","","","","","","","","","","","","","","","","","","","","","","","","","","","","","","","","","","","","","","","","","","","","",
"Morocco","MAR","Forcibly displaced people","SM.POP.FDIP","","","","","","","","","","","","","","","","","","","","","","","","","","","","","","","","","","","","","","","","","","","","","","","","","","","1067","1338","2906","4944","3033","5433","6705","6753","7761","9721","13516","18228","18066","19635","18848","22337",
"Monaco","MCO","Forcibly displaced people","SM.POP.FDIP","","","","","","","","","","","","","","","","","","","","","","","","","","","","","","","","","","","","","","","","","","","","","","","","","","","","37","37","34","33","32","27","25","25","22","22","17","17","17","17","17",
"Moldova","MDA","Forcibly displaced people","SM.POP.FDIP","","","","","","","","","","","","","","","","","","","","","","","","","","","","","","","","","","","","","","","","","","","","","","","","","","","206","173","229","299","453","528","494","452","502","511","464","405","108994","121503","136845","149918",
"Madagascar","MDG","Forcibly displaced people","SM.POP.FDIP","","","","","","","","","","","","","","","","","","","","","","","","","","","","","","","","","","","","","","","","","","","","","","","","","","","","5","5","11","16","16","49","96","2129","241","301","1587","233","987","1436","1366",
"Maldives","MDV","Forcibly displaced people","SM.POP.FDIP","","","","","","","","","","","","","","","","","","","","","","","","","","","","","","","","","","","","","","","","","","","","","","","","","","","","","","","","","","","","","","","","","","",
"Middle East, North Africa, Afghanistan & Pakistan","MEA","Forcibly displaced people","SM.POP.FDIP","","","","","","","","","","","","","","","","","","","","","","","","","","","","","","","","","","","","","","","","","","","","","","","","","","","14677618","14560580","16018601","20673436","25571045","26653006","24089210","24217031","24497108","26394074","26227638","27531750","30961444","32478748","33709898","29202829",
"Mexico","MEX","Forcibly displaced people","SM.POP.FDIP","","","","","","","","","","","","","","","","","","","","","","","","","","","","","","","","","","","","","","","","","","","","","","","","","","","124520","164258","163854","163161","285682","291248","319814","349350","423467","497950","568073","672777","745215","845933","871893","779694",
"Marshall Islands","MHL","Forcibly displaced people","SM.POP.FDIP","","","","","","","","","","","","","","","","","","","","","","","","","","","","","","","","","","","","","","","","","","","","","","","","","","","","","","","","","","","","","","","","","","",
"Middle income","MIC","Forcibly displaced people","SM.POP.FDIP","","","","","","","","","","","","","","","","","","","","","","","","","","","","","","","","","","","","","","","","","","","","","","","","","","","25457184","24961638","24874577","29862617","33997808","37498393","35573865","35207819","36604652","37779038","37594882","38879297","48425029","49649540","54748455","52870379",
"North Macedonia","MKD","Forcibly displaced people","SM.POP.FDIP","","","","","","","","","","","","","","","","","","","","","","","","","","","","","","","","","","","","","","","","","","","","","","","","","","","2186","2153","2214","2401","2647","912","799","580","558","569","464","427","7194","19047","20937","20860",
"Mali","MLI","Forcibly displaced people","SM.POP.FDIP","","","","","","","","","","","","","","","","","","","","","","","","","","","","","","","","","","","","","","","","","","","","","","","","","","","15254","18115","244166","232604","77826","66249","54809","55590","147455","235676","374349","376838","441517","410716","481827","696037",
"Malta","MLT","Forcibly displaced people","SM.POP.FDIP","","","","","","","","","","","","","","","","","","","","","","","","","","","","","","","","","","","","","","","","","","","","","","","","","","","7425","8396","8996","10800","6271","7642","8809","9343","10439","12589","13215","13009","13168","12539","9284","9696",
"Myanmar","MMR","Forcibly displaced people","SM.POP.FDIP","","","","","","","","","","","","","","","","","","","","","","","","","","","","","","","","","","","","","","","","","","","","","","","","","","","446000","450000","450000","641000","645000","644000","644000","635000","401000","457000","505000","649000","1498000","2625000","3521000","3639000",
"Middle East, North Africa, Afghanistan & Pakistan (excluding high income)","MNA","Forcibly displaced people","SM.POP.FDIP","","","","","","","","","","","","","","","","","","","","","","","","","","","","","","","","","","","","","","","","","","","","","","","","","","","14634023","14501067","15951906","20605997","25515625","26596853","24023779","24146382","24419631","26312812","26158526","27465577","30905925","32223743","33590507","29116778",
"Montenegro","MNE","Forcibly displaced people","SM.POP.FDIP","","","","","","","","","","","","","","","","","","","","","","","","","","","","","","","","","","","","","","","","","","","","","","","","","","","16368","12905","11301","8660","6525","1780","1043","967","889","1137","359","307","32605","64907","18820","12444",
"Mongolia","MNG","Forcibly displaced people","SM.POP.FDIP","","","","","","","","","","","","","","","","","","","","","","","","","","","","","","","","","","","","","","","","","","","","","","","","","","","12","5","16","13","10","16","10","10","5","5","10","5","10","10","26","26",
"Northern Mariana Islands","MNP","Forcibly displaced people","SM.POP.FDIP","","","","","","","","","","","","","","","","","","","","","","","","","","","","","","","","","","","","","","","","","","","","","","","","","","","","","","","","","","","","","","","","","","",
"Mozambique","MOZ","Forcibly displaced people","SM.POP.FDIP","","","","","","","","","","","","","","","","","","","","","","","","","","","","","","","","","","","","","","","","","","","","","","","","","","","9974","13666","12587","15107","17850","20443","32639","33671","40043","120688","703199","764183","1060911","615590","604250","489077",
"Mauritania","MRT","Forcibly displaced people","SM.POP.FDIP","","","","","","","","","","","","","","","","","","","","","","","","","","","","","","","","","","","","","","","","","","","","","","","","","","","26946","26804","81296","93605","76045","77882","74719","78170","84309","86440","95567","105311","106370","118476","162277","308868",
"Mauritius","MUS","Forcibly displaced people","SM.POP.FDIP","","","","","","","","","","","","","","","","","","","","","","","","","","","","","","","","","","","","","","","","","","","","","","","","","","","","","","","","","5","5","16","25","20","10","","24","82","257",
"Malawi","MWI","Forcibly displaced people","SM.POP.FDIP","","","","","","","","","","","","","","","","","","","","","","","","","","","","","","","","","","","","","","","","","","","","","","","","","","","15094","16848","16656","16930","20364","23485","30408","34964","36918","44380","48021","52433","56425","52896","57539","60492",
"Malaysia","MYS","Forcibly displaced people","SM.POP.FDIP","","","","","","","","","","","","","","","","","","","","","","","","","","","","","","","","","","","","","","","","","","","","","","","","","","","92835","97594","101796","140509","150579","154551","148569","151346","163106","179721","179724","181458","181987","184443","191343","213175",
"North America","NAC","Forcibly displaced people","SM.POP.FDIP","","","","","","","","","","","","","","","","","","","","","","","","","","","","","","","","","","","","","","","","","","","","","","","","","","","487323","483166","477350","530462","620892","714896","834095","1086481","1225101","1388097","1533408","1835629","2415536","3378079","4181046","4907089",
"Namibia","NAM","Forcibly displaced people","SM.POP.FDIP","","","","","","","","","","","","","","","","","","","","","","","","","","","","","","","","","","","","","","","","","","","","","","","","","","","8660","6975","2892","3483","2581","2832","3411","4071","3910","5088","5792","6480","7197","7135","6575","6796",
"New Caledonia","NCL","Forcibly displaced people","SM.POP.FDIP","","","","","","","","","","","","","","","","","","","","","","","","","","","","","","","","","","","","","","","","","","","","","","","","","","","","","","","","","","","","","140","150","150","150","","",
"Niger","NER","Forcibly displaced people","SM.POP.FDIP","","","","","","","","","","","","","","","","","","","","","","","","","","","","","","","","","","","","","","","","","","","","","","","","","","","11326","11414","61608","68733","88929","277820","302150","310007","334960","412893","493578","490446","674012","652566","800795","827990",
"Nigeria","NGA","Forcibly displaced people","SM.POP.FDIP","","","","","","","","","","","","","","","","","","","","","","","","","","","","","","","","","","","","","","","","","","","","","","","","","","","10553","10329","4189","3302500","1077085","2097772","1956821","1712560","2278667","2638189","2798843","3306790","3738898","3444110","3599131","3638040",
"Nicaragua","NIC","Forcibly displaced people","SM.POP.FDIP","","","","","","","","","","","","","","","","","","","","","","","","","","","","","","","","","","","","","","","","","","","","","","","","","","","74","90","135","199","330","451","663","729","447","448","514","1539","1536","1735","","",
"Netherlands","NLD","Forcibly displaced people","SM.POP.FDIP","","","","","","","","","","","","","","","","","","","","","","","","","","","","","","","","","","","","","","","","","","","","","","","","","","","87982","84993","82299","74700","89397","116548","112096","109661","114127","110016","107779","116691","268962","281682","310239","333597",
"Norway","NOR","Forcibly displaced people","SM.POP.FDIP","","","","","","","","","","","","","","","","","","","","","","","","","","","","","","","","","","","","","","","","","","","","","","","","","","","52688","51785","52122","52399","54173","75651","67017","62182","59250","55389","50736","47310","78624","108573","129894","130286",
"Nepal","NPL","Forcibly displaced people","SM.POP.FDIP","","","","","","","","","","","","","","","","","","","","","","","","","","","","","","","","","","","","","","","","","","","","","","","","","","","140741","123580","106280","96540","88624","82687","75320","21615","20855","19627","19597","19711","19714","19882","19874","19915",
"Naoero","NRU","Forcibly displaced people","SM.POP.FDIP","","","","","","","","","","","","","","","","","","","","","","","","","","","","","","","","","","","","","","","","","","","","","","","","","","","","","379","533","1116","817","817","1090","1380","1170","1164","1029","67","13","95","97",
"New Zealand","NZL","Forcibly displaced people","SM.POP.FDIP","","","","","","","","","","","","","","","","","","","","","","","","","","","","","","","","","","","","","","","","","","","","","","","","","","","2455","2117","1752","1679","1582","1452","1706","1856","1991","2267","2439","2505","2364","3676","5622","6732",
"OECD members","OED","Forcibly displaced people","SM.POP.FDIP","","","","","","","","","","","","","","","","","","","","","","","","","","","","","","","","","","","","","","","","","","","","","","","","","","","8672578","8787557","9256970","9588468","11485157","13607072","14945984","15492879","16800759","17706444","17250093","18434468","23082860","25791535","28864092","28950328",
"Oman","OMN","Forcibly displaced people","SM.POP.FDIP","","","","","","","","","","","","","","","","","","","","","","","","","","","","","","","","","","","","","","","","","","","","","","","","","","","91","128","159","218","382","434","681","706","564","562","638","792","716","721","714","703",
"Other small states","OSS","Forcibly displaced people","SM.POP.FDIP","","","","","","","","","","","","","","","","","","","","","","","","","","","","","","","","","","","","","","","","","","","","","","","","","","","257694","259888","260781","264108","258855","314219","321151","271694","292333","307179","312050","335674","436931","484583","435012","431489",
"Pakistan","PAK","Forcibly displaced people","SM.POP.FDIP","","","","","","","","","","","","","","","","","","","","","","","","","","","","","","","","","","","","","","","","","","","","","","","","","","","2882712","2604315","2399733","2368889","3411045","3026594","1821405","1645619","1526178","1529124","1546734","1608499","1798062","2070879","1781332","1688098",
"Panama","PAN","Forcibly displaced people","SM.POP.FDIP","","","","","","","","","","","","","","","","","","","","","","","","","","","","","","","","","","","","","","","","","","","","","","","","","","","17535","18031","17771","18274","18651","20233","21797","9706","110503","135977","134391","142172","157747","68501","67722","64109",
"Peru","PER","Forcibly displaced people","SM.POP.FDIP","","","","","","","","","","","","","","","","","","","","","","","","","","","","","","","","","","","","","","","","","","","","","","","","","","","151386","151614","151573","151628","151649","61804","67983","98516","720565","927763","1116863","1394279","1586821","1633763","1759914","1743572",
"Philippines","PHL","Forcibly displaced people","SM.POP.FDIP","","","","","","","","","","","","","","","","","","","","","","","","","","","","","","","","","","","","","","","","","","","","","","","","","","","15296","46164","170","116246","78304","62439","87597","445722","301869","180999","154106","109387","99636","111963","125342","29974",
"Palau","PLW","Forcibly displaced people","SM.POP.FDIP","","","","","","","","","","","","","","","","","","","","","","","","","","","","","","","","","","","","","","","","","","","","","","","","","","","","","","","","","","","","","","","","","5","",
"Papua New Guinea","PNG","Forcibly displaced people","SM.POP.FDIP","","","","","","","","","","","","","","","","","","","","","","","","","","","","","","","","","","","","","","","","","","","","","","","","","","","9699","9378","9534","9777","17401","16251","17945","22018","22173","23830","23889","11964","96827","97821","94983","80848",
"Poland","POL","Forcibly displaced people","SM.POP.FDIP","","","","","","","","","","","","","","","","","","","","","","","","","","","","","","","","","","","","","","","","","","","","","","","","","","","17648","18707","18291","18585","18405","17338","15150","15103","15554","17441","6373","8698","974149","978467","1019863","1004317",
"Pre-demographic dividend","PRE","Forcibly displaced people","SM.POP.FDIP","","","","","","","","","","","","","","","","","","","","","","","","","","","","","","","","","","","","","","","","","","","","","","","","","","","14703581","12129349","13596999","17674875","18663046","19992051","20837742","22648236","24750285","28312479","30735985","33831804","36484912","42425586","44274412","41223498",
"Puerto Rico (US)","PRI","Forcibly displaced people","SM.POP.FDIP","","","","","","","","","","","","","","","","","","","","","","","","","","","","","","","","","","","","","","","","","","","","","","","","","","","","","","","","","","","","","","","","","","",
"Korea, Dem. People's Rep.","PRK","Forcibly displaced people","SM.POP.FDIP","","","","","","","","","","","","","","","","","","","","","","","","","","","","","","","","","","","","","","","","","","","","","","","","","","","","","","","","","","","","","","","","","","",
"Portugal","PRT","Forcibly displaced people","SM.POP.FDIP","","","","","","","","","","","","","","","","","","","","","","","","","","","","","","","","","","","","","","","","","","","","","","","","","","","429","611","665","794","1031","1422","2039","1664","2215","3432","3559","4813","60745","64074","71166","78944",
"Paraguay","PRY","Forcibly displaced people","SM.POP.FDIP","","","","","","","","","","","","","","","","","","","","","","","","","","","","","","","","","","","","","","","","","","","","","","","","","","","103","125","134","132","158","194","230","269","1413","5282","6017","7254","7624","7589","7649","6280",
"West Bank and Gaza","PSE","Forcibly displaced people","SM.POP.FDIP","","","","","","","","","","","","","","","","","","","","","","","","","","","","","","","","","","","","","","","","","","","","","","","","","","","2001769","2055043","2089544","2140493","2326096","2325001","2351274","2445783","2505747","2562073","2479243","2412208","2466258","3008794","3083600","3095080",
"Pacific island small states","PSS","Forcibly displaced people","SM.POP.FDIP","","","","","","","","","","","","","","","","","","","","","","","","","","","","","","","","","","","","","","","","","","","","","","","","","","","10","5","391","545","1139","855","834","1112","1407","1192","1183","2052","1085","1033","136","150",
"Post-demographic dividend","PST","Forcibly displaced people","SM.POP.FDIP","","","","","","","","","","","","","","","","","","","","","","","","","","","","","","","","","","","","","","","","","","","","","","","","","","","2394841","2359965","2371661","2142661","3198313","5085673","5830076","5526617","5832062","6151530","6272201","6833972","15502842","15241195","16465469","17266208",
"French Polynesia","PYF","Forcibly displaced people","SM.POP.FDIP","","","","","","","","","","","","","","","","","","","","","","","","","","","","","","","","","","","","","","","","","","","","","","","","","","","","","","","","","","","","","","","","","","",
"Qatar","QAT","Forcibly displaced people","SM.POP.FDIP","","","","","","","","","","","","","","","","","","","","","","","","","","","","","","","","","","","","","","","","","","","","","","","","","","","66","128","134","140","218","233","319","311","280","301","444","507","337","337","349","348",
"Romania","ROU","Forcibly displaced people","SM.POP.FDIP","","","","","","","","","","","","","","","","","","","","","","","","","","","","","","","","","","","","","","","","","","","","","","","","","","","1391","1754","1284","1868","2496","2989","2952","5425","5610","4776","5823","5704","106793","88555","184991","206987",
"Russian Federation","RUS","Forcibly displaced people","SM.POP.FDIP","","","","","","","","","","","","","","","","","","","","","","","","","","","","","","","","","","","","","","","","","","","","","","","","","","","84356","4856","32980","39692","263783","343545","251006","147189","81043","45658","22173","11895","1285938","1291022","182440","13367",
"Rwanda","RWA","Forcibly displaced people","SM.POP.FDIP","","","","","","","","","","","","","","","","","","","","","","","","","","","","","","","","","","","","","","","","","","","","","","","","","","","55682","55616","59690","73562","74040","145145","156521","171429","145782","145547","139956","122289","121231","128303","128561","131045",
"South Asia","SAS","Forcibly displaced people","SM.POP.FDIP","","","","","","","","","","","","","","","","","","","","","","","","","","","","","","","","","","","","","","","","","","","","","","","","","","","1961910","1743260","2045533","1563498","1897547","1605879","1825755","2463038","2078899","2005147","2018971","2108555","2166476","2211214","2390817","2570022",
"Saudi Arabia","SAU","Forcibly displaced people","SM.POP.FDIP","","","","","","","","","","","","","","","","","","","","","","","","","","","","","","","","","","","","","","","","","","","","","","","","","","","663","675","673","655","658","155","187","235","2430","2642","9764","12782","4395","4422","4355","4355",
"Sudan","SDN","Forcibly displaced people","SM.POP.FDIP","","","","","","","","","","","","","","","","","","","","","","","","","","","","","","","","","","","","","","","","","","","","","","","","","","","4984343","2346303","3159853","2597640","3388012","3504214","3737515","2996802","3167899","3205030","3332311","4305537","4681958","10014984","12397988","9976963",
"Senegal","SEN","Forcibly displaced people","SM.POP.FDIP","","","","","","","","","","","","","","","","","","","","","","","","","","","","","","","","","","","","","","","","","","","","","","","","","","","46844","46901","38562","40715","41178","41499","41788","40014","34058","24658","24674","24924","20462","21026","18964","18797",
"Singapore","SGP","Forcibly displaced people","SM.POP.FDIP","","","","","","","","","","","","","","","","","","","","","","","","","","","","","","","","","","","","","","","","","","","","","","","","","","","5","","","","5","","","","0","0","0","0","0","0","0","0",
"Solomon Islands","SLB","Forcibly displaced people","SM.POP.FDIP","","","","","","","","","","","","","","","","","","","","","","","","","","","","","","","","","","","","","","","","","","","","","","","","","","","","","5","5","5","5","","","5","","","1000","1000","1000","11","",
"Sierra Leone","SLE","Forcibly displaced people","SM.POP.FDIP","","","","","","","","","","","","","","","","","","","","","","","","","","","","","","","","","","","","","","","","","","","","","","","","","","","8566","8152","4269","2852","1383","772","688","678","3591","5941","2842","2845","0","0","0","0",
"El Salvador","SLV","Forcibly displaced people","SM.POP.FDIP","","","","","","","","","","","","","","","","","","","","","","","","","","","","","","","","","","","","","","","","","","","","","","","","","","","57","44","43","47","33","46","41","45","60","77","101","164","52158","49369","35392","61510",
"San Marino","SMR","Forcibly displaced people","SM.POP.FDIP","","","","","","","","","","","","","","","","","","","","","","","","","","","","","","","","","","","","","","","","","","","","","","","","","","","","","","","","","","","","","","","","","","",
"Somalia, Fed. Rep.","SOM","Forcibly displaced people","SM.POP.FDIP","","","","","","","","","","","","","","","","","","","","","","","","","","","","","","","","","","","","","","","","","","","","","","","","","","","1526045","1467118","1360768","1112303","1118994","1241196","1131371","854271","2681099","2683671","2992449","2998062","3898601","3900270","3177763","3393669",
"Serbia","SRB","Forcibly displaced people","SM.POP.FDIP","","","","","","","","","","","","","","","","","","","","","","","","","","","","","","","","","","","","","","","","","","","","","","","","","","","316798","314094","309682","171459","158188","52434","53639","48346","47163","42701","239387","41867","237712","239528","246270","250997",
"Sub-Saharan Africa (excluding high income)","SSA","Forcibly displaced people","SM.POP.FDIP","","","","","","","","","","","","","","","","","","","","","","","","","","","","","","","","","","","","","","","","","","","","","","","","","","","12292791","10056052","12000965","15840293","15748761","17571722","17818067","20838790","23327288","25941031","28906998","32794601","35516341","41008610","42505964","39331837",
"South Sudan","SSD","Forcibly displaced people","SM.POP.FDIP","","","","","","","","","","","","","","","","","","","","","","","","","","","","","","","","","","","","","","","","","","","","","","","","","","","","455113","552613","612623","1746280","1960847","2111348","2184300","2163373","1653986","1754201","1706987","1785506","1507107","1462471","1550064",
"Sub-Saharan Africa","SSF","Forcibly displaced people","SM.POP.FDIP","","","","","","","","","","","","","","","","","","","","","","","","","","","","","","","","","","","","","","","","","","","","","","","","","","","12292791","10056052","12000965","15840293","15748761","17571722","17818067","20838790","23327288","25941031","28906998","32794601","35516341","41008610","42505964","39331837",
"Small states","SST","Forcibly displaced people","SM.POP.FDIP","","","","","","","","","","","","","","","","","","","","","","","","","","","","","","","","","","","","","","","","","","","","","","","","","","","258038","260104","261343","264828","260317","316070","324804","278329","376370","361497","368988","401851","500536","551984","496274","489642",
"Sao Tome and Principe","STP","Forcibly displaced people","SM.POP.FDIP","","","","","","","","","","","","","","","","","","","","","","","","","","","","","","","","","","","","","","","","","","","","","","","","","","","","","","","","","","","","","","","","","","",
"Suriname","SUR","Forcibly displaced people","SM.POP.FDIP","","","","","","","","","","","","","","","","","","","","","","","","","","","","","","","","","","","","","","","","","","","","","","","","","","","","","","","","","43","101","247","1470","2007","2162","2571","2633","3241","3215",
"Slovak Republic","SVK","Forcibly displaced people","SM.POP.FDIP","","","","","","","","","","","","","","","","","","","","","","","","","","","","","","","","","","","","","","","","","","","","","","","","","","","718","720","844","891","1011","989","1018","938","955","970","1050","1089","96667","126958","144349","140901",
"Slovenia","SVN","Forcibly displaced people","SM.POP.FDIP","","","","","","","","","","","","","","","","","","","","","","","","","","","","","","","","","","","","","","","","","","","","","","","","","","","427","227","262","207","312","376","763","875","991","1049","1100","1411","9200","11668","13369","13235",
"Sweden","SWE","Forcibly displaced people","SM.POP.FDIP","","","","","","","","","","","","","","","","","","","","","","","","","","","","","","","","","","","","","","","","","","","","","","","","","","","101226","104709","115699","141877","198945","326533","313198","292542","286102","281793","266975","254808","292195","248903","168519","148777",
"Eswatini","SWZ","Forcibly displaced people","SM.POP.FDIP","","","","","","","","","","","","","","","","","","","","","","","","","","","","","","","","","","","","","","","","","","","","","","","","","","","757","757","914","1032","777","957","1102","1334","1613","1903","2049","1541","2149","2974","4459","4925",
"Sint Maarten (Dutch part)","SXM","Forcibly displaced people","SM.POP.FDIP","","","","","","","","","","","","","","","","","","","","","","","","","","","","","","","","","","","","","","","","","","","","","","","","","","","5","5","10","5","10","15","10","5","5","10","8","41","122","133","156","158",
"Seychelles","SYC","Forcibly displaced people","SM.POP.FDIP","","","","","","","","","","","","","","","","","","","","","","","","","","","","","","","","","","","","","","","","","","","","","","","","","","","","","","","","","","","","","","","","","","",
"Syrian Arab Republic","SYR","Forcibly displaced people","SM.POP.FDIP","","","","","","","","","","","","","","","","","","","","","","","","","","","","","","","","","","","","","","","","","","","","","","","","","","","1917707","1844194","3977901","7169021","8280498","7161014","6901305","7373396","6716587","7085590","7160803","7260307","7464382","7851450","8008147","6336014",
"Turks and Caicos Islands","TCA","Forcibly displaced people","SM.POP.FDIP","","","","","","","","","","","","","","","","","","","","","","","","","","","","","","","","","","","","","","","","","","","","","","","","","","","","","21","10","10","5","5","5","5","5","8","7","7","7","8","8",
"Chad","TCD","Forcibly displaced people","SM.POP.FDIP","","","","","","","","","","","","","","","","","","","","","","","","","","","","","","","","","","","","","","","","","","","","","","","","","","","519036","492653","463863","524779","525690","479428","501143","570135","544670","622426","825217","957487","897717","1557837","1669645","2104634",
"East Asia & Pacific (IDA & IBRD countries)","TEA","Forcibly displaced people","SM.POP.FDIP","","","","","","","","","","","","","","","","","","","","","","","","","","","","","","","","","","","","","","","","","","","","","","","","","","","1177222","1227990","1176139","1486935","1463244","1351046","1384586","1748667","1383051","1328820","1343814","1471928","2019758","3170544","4089680","4889894",
"Europe & Central Asia (IDA & IBRD countries)","TEC","Forcibly displaced people","SM.POP.FDIP","","","","","","","","","","","","","","","","","","","","","","","","","","","","","","","","","","","","","","","","","","","","","","","","","","","2552337","2487491","2866042","2776857","4726549","6789017","6245664","6007670","6176351","5854082","6266068","6134437","13893898","11487278","10126715","9396142",
"Togo","TGO","Forcibly displaced people","SM.POP.FDIP","","","","","","","","","","","","","","","","","","","","","","","","","","","","","","","","","","","","","","","","","","","","","","","","","","","24195","29646","33938","31039","32483","25694","14763","13169","13029","12656","11458","11493","12176","50640","66756","58449",
"Thailand","THA","Forcibly displaced people","SM.POP.FDIP","","","","","","","","","","","","","","","","","","","","","","","","","","","","","","","","","","","","","","","","","","","","","","","","","","","106899","137576","134029","176174","173144","151500","146417","147651","144168","139393","97031","101707","95398","88988","87025","359897",
"Tajikistan","TJK","Forcibly displaced people","SM.POP.FDIP","","","","","","","","","","","","","","","","","","","","","","","","","","","","","","","","","","","","","","","","","","","","","","","","","","","4785","5348","4388","4320","2150","2249","3155","2961","2969","5201","5986","13770","9721","11479","15191","13408",
"Turkmenistan","TKM","Forcibly displaced people","SM.POP.FDIP","","","","","","","","","","","","","","","","","","","","","","","","","","","","","","","","","","","","","","","","","","","","","","","","","","","4064","4059","4046","4045","4034","25","26","22","21","21","20","16","14","3614","3409","3209",
"Latin America & the Caribbean (IDA & IBRD countries)","TLA","Forcibly displaced people","SM.POP.FDIP","","","","","","","","","","","","","","","","","","","","","","","","","","","","","","","","","","","","","","","","","","","","","","","","","","","5913404","6019637","6169030","6656076","7137414","7423719","8475466","7764735","9872632","11237466","11001016","12001368","12733078","13980143","17138839","17884930",
"Timor-Leste","TLS","Forcibly displaced people","SM.POP.FDIP","","","","","","","","","","","","","","","","","","","","","","","","","","","","","","","","","","","","","","","","","","","","","","","","","","","400","900","900","900","900","0","","","","","","","","","","",
"Middle East, North Africa, Afghanistan & Pakistan (IDA & IBRD)","TMN","Forcibly displaced people","SM.POP.FDIP","","","","","","","","","","","","","","","","","","","","","","","","","","","","","","","","","","","","","","","","","","","","","","","","","","","12632254","12446024","13862362","18465504","23189529","24271852","21672505","21700599","21913884","23750739","23679283","25053369","28439667","29214949","30506907","26021698",
"Tonga","TON","Forcibly displaced people","SM.POP.FDIP","","","","","","","","","","","","","","","","","","","","","","","","","","","","","","","","","","","","","","","","","","","","","","","","","","","","","","","","","","","","","","","","","","",
"South Asia (IDA & IBRD)","TSA","Forcibly displaced people","SM.POP.FDIP","","","","","","","","","","","","","","","","","","","","","","","","","","","","","","","","","","","","","","","","","","","","","","","","","","","1961910","1743260","2045533","1563498","1897547","1605879","1825755","2463038","2078899","2005147","2018971","2108555","2166476","2211214","2390817","2570022",
"Sub-Saharan Africa (IDA & IBRD countries)","TSS","Forcibly displaced people","SM.POP.FDIP","","","","","","","","","","","","","","","","","","","","","","","","","","","","","","","","","","","","","","","","","","","","","","","","","","","12292791","10056052","12000965","15840293","15748761","17571722","17818067","20838790","23327288","25941031","28906998","32794601","35516341","41008610","42505964","39331837",
"Trinidad and Tobago","TTO","Forcibly displaced people","SM.POP.FDIP","","","","","","","","","","","","","","","","","","","","","","","","","","","","","","","","","","","","","","","","","","","","","","","","","","","116","20","13","48","156","192","306","2257","42564","27336","27768","33596","37971","39728","32056","29102",
"Tunisia","TUN","Forcibly displaced people","SM.POP.FDIP","","","","","","","","","","","","","","","","","","","","","","","","","","","","","","","","","","","","","","","","","","","","","","","","","","","110","4629","1768","1078","1118","739","676","762","1311","3249","6280","9326","8929","15087","12575","7909",
"Turkiye","TUR","Forcibly displaced people","SM.POP.FDIP","","","","","","","","","","","","","","","","","","","","","","","","","","","","","","","","","","","","","","","","","","","","","","","","","","","1016724","1025393","1290848","1616379","2647722","3707716","3269345","3948188","4137387","3909788","3974550","4064787","3840595","3473196","3094818","2492911",
"Tuvalu","TUV","Forcibly displaced people","SM.POP.FDIP","","","","","","","","","","","","","","","","","","","","","","","","","","","","","","","","","","","","","","","","","","","","","","","","","","","","","","","","","","","","","","","","","","",
"Tanzania","TZA","Forcibly displaced people","SM.POP.FDIP","","","","","","","","","","","","","","","","","","","","","","","","","","","","","","","","","","","","","","","","","","","","","","","","","","","110532","131950","101542","102506","89375","213995","290037","352700","317981","271725","263393","234870","234974","229096","218123","214404",
"Uganda","UGA","Forcibly displaced people","SM.POP.FDIP","","","","","","","","","","","","","","","","","","","","","","","","","","","","","","","","","","","","","","","","","","","","","","","","","","","322602","192891","255933","274764","450971","542955","1035697","1419130","1222915","1413116","1447369","1574891","1500189","1619955","1798297","1973968",
"Ukraine","UKR","Forcibly displaced people","SM.POP.FDIP","","","","","","","","","","","","","","","","","","","","","","","","","","","","","","","","","","","","","","","","","","","","","","","","","","","5965","6757","7852","8414","656095","1688740","1662828","809451","808995","734552","738608","859101","5917022","3692010","3667876","3714813",
"Upper middle income","UMC","Forcibly displaced people","SM.POP.FDIP","","","","","","","","","","","","","","","","","","","","","","","","","","","","","","","","","","","","","","","","","","","","","","","","","","","15716377","15530251","15237492","16457110","20642316","23423361","22724329","21814229","22987218","23395063","22949758","23539884","31437576","30786700","32638206","30765939",
"Uruguay","URY","Forcibly displaced people","SM.POP.FDIP","","","","","","","","","","","","","","","","","","","","","","","","","","","","","","","","","","","","","","","","","","","","","","","","","","","214","214","210","228","305","361","651","2423","18388","28602","25358","29391","40617","54086","68100","51316",
"United States","USA","Forcibly displaced people","SM.POP.FDIP","","","","","","","","","","","","","","","","","","","","","","","","","","","","","","","","","","","","","","","","","","","","","","","","","","","270781","276452","280952","347970","455029","559375","712827","929854","1032234","1189323","1338842","1642360","2161849","3010670","3619495","4176592",
"Uzbekistan","UZB","Forcibly displaced people","SM.POP.FDIP","","","","","","","","","","","","","","","","","","","","","","","","","","","","","","","","","","","","","","","","","","","","","","","","","","","3709","3616","3578","3543","3523","106","26","20","13","13","13","13032","13026","9405","8505","7705",
"St. Vincent and the Grenadines","VCT","Forcibly displaced people","SM.POP.FDIP","","","","","","","","","","","","","","","","","","","","","","","","","","","","","","","","","","","","","","","","","","","","","","","","","","","","","","","","","","","","38","14","5","0","","","",
"Venezuela, RB","VEN","Forcibly displaced people","SM.POP.FDIP","","","","","","","","","","","","","","","","","","","","","","","","","","","","","","","","","","","","","","","","","","","","","","","","","","","217388","219369","204535","205388","174001","173962","172947","123708","67425","67798","68373","39844","30386","30914","20911","15910",
"British Virgin Islands","VGB","Forcibly displaced people","SM.POP.FDIP","","","","","","","","","","","","","","","","","","","","","","","","","","","","","","","","","","","","","","","","","","","","","","","","","","","","","","","","","","","","","","","","","41","32",
"Virgin Islands (U.S.)","VIR","Forcibly displaced people","SM.POP.FDIP","","","","","","","","","","","","","","","","","","","","","","","","","","","","","","","","","","","","","","","","","","","","","","","","","","","","","","","","","","","","","","","","","","",
"Viet Nam","VNM","Forcibly displaced people","SM.POP.FDIP","","","","","","","","","","","","","","","","","","","","","","","","","","","","","","","","","","","","","","","","","","","","","","","","","","","1928","990","0","0","0","0","0","0","0","0","0","0","0","19","19","13",
"Vanuatu","VUT","Forcibly displaced people","SM.POP.FDIP","","","","","","","","","","","","","","","","","","","","","","","","","","","","","","","","","","","","","","","","","","","","","","","","","","","5","","","","","","","","","","","5","","5","","7",
"World","WLD","Forcibly displaced people","SM.POP.FDIP","","","","","","","","","","","","","","","","","","","","","","","","","","","","","","","","","","","","","","","","","","","","","","","","","","","41057809","38538586","42745546","51232046","59186055","64944893","64153700","67866560","72525807","78346271","81469901","88216434","107166579","116315387","123209473","117276468",
"Samoa","WSM","Forcibly displaced people","SM.POP.FDIP","","","","","","","","","","","","","","","","","","","","","","","","","","","","","","","","","","","","","","","","","","","","","","","","","","","","","","","","5","5","5","5","","","","","","","",
"Kosovo","XKX","Forcibly displaced people","SM.POP.FDIP","","","","","","","","","","","","","","","","","","","","","","","","","","","","","","","","","","","","","","","","","","","","","","","","","","","","","","","","","","","","","","","","","","",
"Yemen, Rep.","YEM","Forcibly displaced people","SM.POP.FDIP","","","","","","","","","","","","","","","","","","","","","","","","","","","","","","","","","","","","","","","","","","","","","","","","","","","418635","684606","628650","556471","600304","2786020","2252866","2294676","2597164","3914172","3812599","4391060","4613683","4586827","4856921","4859749",
"South Africa","ZAF","Forcibly displaced people","SM.POP.FDIP","","","","","","","","","","","","","","","","","","","","","","","","","","","","","","","","","","","","","","","","","","","","","","","","","","","229601","277240","295645","303207","576091","1217656","309293","280027","273478","266630","250190","242923","150912","154676","171513","137535",
"Zambia","ZMB","Forcibly displaced people","SM.POP.FDIP","","","","","","","","","","","","","","","","","","","","","","","","","","","","","","","","","","","","","","","","","","","","","","","","","","","48177","46645","26837","25801","27740","28842","32656","45941","53177","62585","70363","79548","63933","77960","89108","96131",
"Zimbabwe","ZWE","Forcibly displaced people","SM.POP.FDIP","","","","","","","","","","","","","","","","","","","","","","","","","","","","","","","","","","","","","","","","","","","","","","","","","","","4846","5333","4786","6866","6718","7200","8371","15958","18002","20488","21190","21434","22145","22565","22832","18065",
