date,GDP,FDIP,IDPC,Poverty,reported_events,fixed_cohort_events,reported_fatalities,fixed_cohort_fatalities
1997-01-01,5408.5695352216,,,37.7,2229,2225,26820,26820
1998-01-01,5302.33956683372,,,37.9,2964,2960,70713,70704
1999-01-01,5401.2271886284,,,37.3,3751,3748,161840,161826
2000-01-01,5512.56177163867,,,36.2,3298,3296,23840,23840
2001-01-01,5404.20269822848,,,35.3,2838,2837,26993,26993
2002-01-01,5539.32465002692,,,33.7,3598,3596,28565,28563
2003-01-01,6129.8663827398,,,32.2,3109,3108,21346,21345
2004-01-01,6818.00375324836,,,30.3,2525,2522,19884,19872
2005-01-01,7290.5661453297,,,28.3,2102,2102,8120,8120
2006-01-01,7803.19467222601,,,27.0,2121,2118,8040,8040
2007-01-01,8685.33108680793,,,25.3,3088,3085,9906,9906
2008-01-01,9425.73781604823,,,24.1,4078,4075,11681,11668
2009-01-01,8827.04322994899,,24952040.0,23.1,2733,2722,15423,15416
2010-01-01,9555.06543969498,41057809.0,24981940.0,21.0,7812,3187,21922,12358
2011-01-01,10496.9310026996,38538586.0,22441240.0,19.1,8540,4486,27835,18894
2012-01-01,10597.8460782595,42745546.0,26387120.0,17.8,10502,5835,26416,14286
2013-01-01,10759.3457336689,51232046.0,33340830.0,15.5,13365,8450,36481,25888
2014-01-01,10912.2447775638,59186055.0,37857320.0,14.5,14929,10220,47083,33847
2015-01-01,10191.9752512662,64944893.0,40369900.0,13.4,22892,9913,62409,33765
2016-01-01,10239.4656645738,64153700.0,38899450.0,12.6,41893,9840,120048,28500
2017-01-01,10784.3950896297,67866560.0,39393540.0,11.8,78763,10296,185798,26731
2018-01-01,11344.728168656,72525807.0,40526140.0,11.1,124541,12556,178608,27720
2019-01-01,11417.5958587724,78346271.0,44571441.0,,121261,14544,154744,30165
2020-01-01,10999.4917581781,81469901.0,47057527.0,11.4,103556,19323,139198,39635
2021-01-01,12472.9074157191,88216434.0,52073700.0,11.3,105842,21817,159969,47014
2022-01-01,12876.2377124072,107166579.0,61190380.0,10.9,145508,23671,171582,51975
2023-01-01,13313.8575826001,116315387.0,67290380.0,10.6,172715,27184,198462,62998
2024-01-01,13717.0909956338,123209473.0,73531201.0,10.4,207783,29769,248918,65004
2025-01-01,14405.8484595528,117276468.0,68595080.0,,213419,33744,248686,77483
