scope,metric,indicator,lag_years,n,start_year,end_year,status,beta_standardized,ci95_lower,ci95_upper,p_value,arima_aic,arimax_aic,aic_improvement,residual_ljung_box_p,warnings,q_value_bh
reported,events,GDP,0,28,1998,2025,ok,0.22349165374121,-0.17079736692819703,0.617780674410617,0.266589648362629,85.05261301075193,85.94227254114588,-0.8896595303939563,0.544278441278627,,0.799768945087887
reported,events,GDP,1,27,1999,2025,ok,-0.020102648322490046,-0.4542700960794437,0.4140647994344636,0.9276916596901559,82.30521765776936,84.29534246202947,-1.9901248042601054,0.40330006590720757,,0.9895377703361663
reported,events,GDP,2,26,2000,2025,ok,-0.47052921240531903,-0.9360569077986998,-0.0050015170119382946,0.04758887782302496,79.50360219356817,75.32895690301,4.174645290558175,0.4758128974129795,,0.677492718466906
reported,events,FDIP,0,15,2011,2025,ok,0.245228986486295,-0.37633885547278767,0.8667968284453776,0.4393624004826244,47.910002164822856,49.31225049874953,-1.4022483339266714,0.07501860502851093,,0.8770826034269237
reported,events,FDIP,1,15,2011,2025,ok,-0.4912207088555985,-1.1221680323545429,0.13972661464334585,0.12702988471254487,47.910002164822856,45.881362617394906,2.02863954742795,0.0676954629073737,,0.677492718466906
reported,events,FDIP,2,15,2011,2025,ok,0.22260570628008128,-0.4793726390054466,0.9245840515656091,0.5342523055508908,47.910002164822856,49.01648409057785,-1.1064819257549914,0.08953125148300464,,0.935176435238262
reported,events,IDPC,0,16,2010,2025,ok,0.0009995502065293929,-0.6683352443496193,0.6703343447626782,0.997664667389758,50.15975397248329,52.15974572053354,-1.999991748050256,0.3120807218356219,,0.997664667389758
reported,events,IDPC,1,16,2010,2025,ok,-0.40743149197480855,-1.0614357454317527,0.2465727614821357,0.22207915549075485,50.15975397248329,48.36612181290073,1.7936321595825575,0.22223304624929235,,0.799768945087887
reported,events,IDPC,2,16,2010,2025,ok,0.3485296523985172,-0.07848872739272555,0.7755480321897599,0.10966293557570295,50.15975397248329,49.4558481701055,0.7039058023777898,0.16561447898982282,,0.677492718466906
reported,events,Poverty,0,21,1998,2018,ok,-0.2470017984646705,-0.6137493859715704,0.11974578904222935,0.18682790486236855,61.62409443950063,61.8869516510618,-0.2628572115611689,0.23918826242991686,,0.799768945087887
reported,events,Poverty,1,20,1999,2018,ok,0.27588590054797535,-0.06791155164370816,0.6196833527396588,0.1157639255920077,61.11189276089623,61.52292144767945,-0.4110286867832187,0.34101524536412575,,0.677492718466906
reported,events,Poverty,2,19,2000,2018,ok,0.40075179329698274,-0.047319507061319654,0.8488230936552852,0.0796058027530885,58.739735199247185,56.69002095561801,2.0497142436291753,0.038813161212474016,,0.677492718466906
reported,fatalities,GDP,0,28,1998,2025,ok,-0.1255555557342608,-0.617347606895984,0.36623649542746245,0.6168054421933975,85.05261301075193,86.61895296095858,-1.566339950206654,0.39361761764966985,,0.935176435238262
reported,fatalities,GDP,1,27,1999,2025,ok,0.07300243518965747,-0.4275140119470097,0.5735188823263246,0.7749784462481397,82.30521765776936,84.1708803156366,-1.865662657867233,0.47069078934036246,,0.9723987991212237
reported,fatalities,GDP,2,26,2000,2025,ok,-0.2321329637639384,-0.614744883950228,0.15047895642235118,0.23439166558236824,79.50360219356817,80.23352877643536,-0.7299265828671935,0.4935095702458935,,0.799768945087887
reported,fatalities,FDIP,0,15,2011,2025,ok,-0.14511398634214215,-0.7586120700633235,0.4683840973790393,0.6429337992263051,47.910002164822856,49.63840448895431,-1.7284023241314515,0.14697416997304372,,0.935176435238262
reported,fatalities,FDIP,1,15,2011,2025,ok,-0.21691253672826938,-1.0183295846841105,0.5845045112275719,0.5957748093278254,47.910002164822856,49.32917430561908,-1.4191721407962206,0.17717438715584297,,0.935176435238262
reported,fatalities,FDIP,2,15,2011,2025,ok,-0.17848721338805812,-1.0650238323911656,0.7080494056150493,0.6931371476569596,47.910002164822856,49.52053523618515,-1.6105330713622905,0.15580789757075003,,0.9723987991212237
reported,fatalities,IDPC,0,16,2010,2025,ok,-0.19039388018150558,-0.8501294961390665,0.4693417357760553,0.5716464720096299,50.15975397248329,51.61692682581089,-1.4571728533276058,0.3927241896588992,,0.935176435238262
reported,fatalities,IDPC,1,16,2010,2025,ok,-0.44121242051515924,-1.1608865357954963,0.27846169476517774,0.22951852165808073,50.15975397248329,49.19741971222908,0.9623342602542095,0.37663059486969047,,0.799768945087887
reported,fatalities,IDPC,2,16,2010,2025,ok,-0.1469001765839449,-1.4214730916663034,1.1276727384984138,0.8212834487495333,50.15975397248329,51.877513297800704,-1.7177593253174166,0.37021379023566986,,0.9723987991212237
reported,fatalities,Poverty,0,21,1998,2018,ok,0.2038490749995307,-0.3330881116490368,0.7407862616480982,0.4568138559515228,61.62409443950063,62.34962727862912,-0.7255328391284905,0.04981483024799445,,0.8770826034269237
reported,fatalities,Poverty,1,20,1999,2018,ok,-0.0028114921705212482,-0.565671680410187,0.5600486960691445,0.9921888035223966,61.11189276089623,63.11175650274143,-1.9998637418451963,0.13524512581177792,,0.997664667389758
reported,fatalities,Poverty,2,19,2000,2018,ok,0.3283320576430876,-0.4891235053041003,1.1457876205902755,0.43115191736579883,58.739735199247185,58.22958074907033,0.5101544501768558,0.28173698106515066,,0.8770826034269237
fixed_cohort,events,GDP,0,28,1998,2025,ok,0.2664725026638415,-0.05808199073491416,0.5910269960625971,0.10757031484732081,85.05261301075193,85.48509385484665,-0.43248084409472654,0.6167066579736753,,0.677492718466906
fixed_cohort,events,GDP,1,27,1999,2025,ok,-0.22145024085274323,-0.6971295191544247,0.2542290374489382,0.36153084025877,82.30521765776936,83.09496016213166,-0.7897425043622945,0.2577417871023194,,0.8184454087961376
fixed_cohort,events,GDP,2,26,2000,2025,ok,-0.6015623847542139,-1.0283495009171126,-0.1747752685913152,0.00573436015685298,79.50360219356817,70.72763877490748,8.775963418660695,0.23456696522017273,,0.13762464376447153
fixed_cohort,events,FDIP,0,15,2011,2025,ok,-0.036062946790513195,-0.5540734795408016,0.4819475859597752,0.8914662514159961,47.910002164822856,49.89512510544015,-1.9851229406172948,0.10994032836328833,,0.9725086379083594
fixed_cohort,events,FDIP,1,15,2011,2025,ok,0.4669632535750798,-0.4635426806963439,1.3974691878465035,0.32531987837614695,47.910002164822856,46.68041329241703,1.2295888724058273,0.051470826437444155,,0.8184454087961376
fixed_cohort,events,FDIP,2,15,2011,2025,ok,0.6433610251792824,-0.707159349190643,1.993881399549208,0.3504649442525045,47.910002164822856,42.10553725542016,5.8044649094026965,0.059288412539201446,,0.8184454087961376
fixed_cohort,events,IDPC,0,16,2010,2025,ok,0.08364534716110128,-0.39884553003061557,0.5661362243528181,0.7340204658981068,50.15975397248329,52.082777314628125,-1.9230233421448375,0.3502376260133657,,0.9723987991212237
fixed_cohort,events,IDPC,1,16,2010,2025,ok,0.6636096863582523,0.31213815629772995,1.0150812164187748,0.00021510105069736198,50.15975397248329,48.07376173105729,2.0859922414259984,0.13275546433125182,,0.010324850433473375
fixed_cohort,events,IDPC,2,16,2010,2025,ok,0.537558361811654,-0.6503644135627635,1.7254811371860714,0.37512081236489636,50.15975397248329,45.395222310947034,4.764531661536253,0.19012562612306408,,0.8184454087961376
fixed_cohort,events,Poverty,0,21,1998,2018,ok,-0.22442844156842823,-0.7070826241005341,0.25822574096367773,0.3621057802401867,61.62409443950063,62.37620819614141,-0.7521137566407816,0.3026199146975394,,0.8184454087961376
fixed_cohort,events,Poverty,1,20,1999,2018,ok,0.39432292785521733,-0.07723649504155372,0.8658823507519884,0.10122525421099764,61.11189276089623,59.58047212959531,1.531420631300925,0.3990526175417749,,0.677492718466906
fixed_cohort,events,Poverty,2,19,2000,2018,ok,0.1407673184885668,-0.6753188064084453,0.956853443385579,0.7353061545794859,58.739735199247185,60.36741656991307,-1.6276813706658828,0.16217699027898053,,0.9723987991212237
fixed_cohort,fatalities,GDP,0,28,1998,2025,ok,-0.12821216920155637,-0.601442077726466,0.3450177393233533,0.5954097697371625,85.05261301075193,86.56629159144917,-1.5136785806972455,0.3671915522631887,,0.935176435238262
fixed_cohort,fatalities,GDP,1,27,1999,2025,ok,0.010616418332986682,-0.3984722643229043,0.4197051009888776,0.9594340659028034,82.30521765776936,84.30229434175087,-1.9970766839815042,0.4188461965583329,,0.997664667389758
fixed_cohort,fatalities,GDP,2,26,2000,2025,ok,-0.22745552740372404,-0.596690367236759,0.1417793124293108,0.22728804345677556,79.50360219356817,80.22641207153576,-0.7228098779675918,0.44207709495566394,,0.799768945087887
fixed_cohort,fatalities,FDIP,0,15,2011,2025,ok,-0.03359210355018777,-0.41906065415628374,0.3518764470559082,0.8643784084112526,47.910002164822856,49.89240941612026,-1.9824072512974027,0.11033288533313433,,0.9723987991212237
fixed_cohort,fatalities,FDIP,1,15,2011,2025,ok,0.28417190035881434,-0.30556444751206124,0.8739082482296899,0.34494823247747974,47.910002164822856,48.59077155386663,-0.6807693890437747,0.11653814551491119,,0.8184454087961376
fixed_cohort,fatalities,FDIP,2,15,2011,2025,ok,-0.0560061610611947,-0.7047266813699761,0.5927143592475866,0.8656313923895034,47.910002164822856,49.84697963306914,-1.9369774682462833,0.1293841940651767,,0.9723987991212237
fixed_cohort,fatalities,IDPC,0,16,2010,2025,ok,-0.0831628893548161,-0.4305498070552015,0.26422402834556935,0.6389218995382868,50.15975397248329,52.05976436960316,-1.9000103971198712,0.2561720497518989,,0.935176435238262
fixed_cohort,fatalities,IDPC,1,16,2010,2025,ok,0.23372061299987096,-0.16689902627548375,0.6343402522752257,0.25285650845415286,50.15975397248329,50.894602075966766,-0.7348481034834791,0.37905913636363964,,0.799768945087887
fixed_cohort,fatalities,IDPC,2,16,2010,2025,ok,-0.08779072330511326,-0.9908698473891205,0.815288400778894,0.8488912426388682,50.15975397248329,51.98464108677836,-1.8248871142950733,0.3284929400949266,,0.9723987991212237
fixed_cohort,fatalities,Poverty,0,21,1998,2018,ok,0.15469034921688196,-0.3157672996922095,0.6251479981259734,0.5192821804708121,61.62409443950063,62.8049051095561,-1.1808106700554717,0.08300577222843496,,0.935176435238262
fixed_cohort,fatalities,Poverty,1,20,1999,2018,ok,0.03602257151745341,-0.39912064616558873,0.47116578920049557,0.8711072575460963,61.11189276089623,63.080569958880375,-1.9686771979841424,0.1283159624600436,,0.9723987991212237
fixed_cohort,fatalities,Poverty,2,19,2000,2018,ok,0.1417983462819786,-1.0013815122576126,1.2849782048215697,0.8079193740004397,58.739735199247185,60.28078318825074,-1.5410479890035518,0.2682333911357054,,0.9723987991212237
recent_2020_plus,events,GDP,0,5,2021,2025,insufficient contiguous observations,,,,,,,,,,
recent_2020_plus,events,GDP,1,4,2022,2025,insufficient contiguous observations,,,,,,,,,,
recent_2020_plus,events,GDP,2,3,2023,2025,insufficient contiguous observations,,,,,,,,,,
recent_2020_plus,events,FDIP,0,5,2021,2025,insufficient contiguous observations,,,,,,,,,,
recent_2020_plus,events,FDIP,1,4,2022,2025,insufficient contiguous observations,,,,,,,,,,
recent_2020_plus,events,FDIP,2,3,2023,2025,insufficient contiguous observations,,,,,,,,,,
recent_2020_plus,events,IDPC,0,5,2021,2025,insufficient contiguous observations,,,,,,,,,,
recent_2020_plus,events,IDPC,1,4,2022,2025,insufficient contiguous observations,,,,,,,,,,
recent_2020_plus,events,IDPC,2,3,2023,2025,insufficient contiguous observations,,,,,,,,,,
recent_2020_plus,events,Poverty,0,4,2021,2024,insufficient contiguous observations,,,,,,,,,,
recent_2020_plus,events,Poverty,1,3,2022,2024,insufficient contiguous observations,,,,,,,,,,
recent_2020_plus,events,Poverty,2,2,2023,2024,insufficient contiguous observations,,,,,,,,,,
recent_2020_plus,fatalities,GDP,0,5,2021,2025,insufficient contiguous observations,,,,,,,,,,
recent_2020_plus,fatalities,GDP,1,4,2022,2025,insufficient contiguous observations,,,,,,,,,,
recent_2020_plus,fatalities,GDP,2,3,2023,2025,insufficient contiguous observations,,,,,,,,,,
recent_2020_plus,fatalities,FDIP,0,5,2021,2025,insufficient contiguous observations,,,,,,,,,,
recent_2020_plus,fatalities,FDIP,1,4,2022,2025,insufficient contiguous observations,,,,,,,,,,
recent_2020_plus,fatalities,FDIP,2,3,2023,2025,insufficient contiguous observations,,,,,,,,,,
recent_2020_plus,fatalities,IDPC,0,5,2021,2025,insufficient contiguous observations,,,,,,,,,,
recent_2020_plus,fatalities,IDPC,1,4,2022,2025,insufficient contiguous observations,,,,,,,,,,
recent_2020_plus,fatalities,IDPC,2,3,2023,2025,insufficient contiguous observations,,,,,,,,,,
recent_2020_plus,fatalities,Poverty,0,4,2021,2024,insufficient contiguous observations,,,,,,,,,,
recent_2020_plus,fatalities,Poverty,1,3,2022,2024,insufficient contiguous observations,,,,,,,,,,
recent_2020_plus,fatalities,Poverty,2,2,2023,2024,insufficient contiguous observations,,,,,,,,,,
