scope,metric,indicator,lag_years,folds,first_test_year,last_test_year,arima_mae,arimax_mae,mae_improvement_percent,all_converged
fixed_cohort,events,FDIP,1,3,2023,2025,5.622329740855483,5.347991656033304,4.8794378392405875,True
fixed_cohort,events,GDP,1,5,2021,2025,3.0361320370607685,2.969118310178159,2.207207264526096,True
fixed_cohort,events,IDPC,1,4,2022,2025,6.239730841658356,8.988250874172751,-44.04869540468689,True
fixed_cohort,events,Poverty,1,5,2014,2018,0.5294439676896008,0.4973841378409823,6.055377302440877,True
fixed_cohort,fatalities,FDIP,1,3,2023,2025,5.622329740855483,5.126972774996226,8.810528529831213,True
fixed_cohort,fatalities,GDP,1,5,2021,2025,3.0361320370607685,3.0628199212473044,-0.8790093401989201,True
fixed_cohort,fatalities,IDPC,1,4,2022,2025,6.239730841658356,5.795751478446428,7.115360814088092,True
fixed_cohort,fatalities,Poverty,1,5,2014,2018,0.5294439676896008,0.5389745386960736,-1.8001094710857741,True
reported,events,FDIP,1,3,2023,2025,5.622329740855483,6.110577877295722,-8.684089317855417,True
reported,events,GDP,1,5,2021,2025,3.0361320370607685,3.180339296500388,-4.749703164399401,True
reported,events,IDPC,1,4,2022,2025,6.239730841658356,5.930640774523681,4.9535801299487945,True
reported,events,Poverty,1,5,2014,2018,0.5294439676896008,0.4677382603499371,11.654813560146204,True
reported,fatalities,FDIP,1,3,2023,2025,5.622329740855483,5.56719730769214,0.9805976473189579,True
reported,fatalities,GDP,1,5,2021,2025,3.0361320370607685,3.209104987040804,-5.6971484727485056,True
reported,fatalities,IDPC,1,4,2022,2025,6.239730841658356,6.262295551987223,-0.36162954623327564,True
reported,fatalities,Poverty,1,5,2014,2018,0.5294439676896008,0.542844804174622,-2.531115151523981,True
