scope,metric,indicator,lag_years,year,actual_change,arima_prediction,arimax_prediction,training_observations,converged
reported,events,GDP,1,2021,12.570981741140308,1.3727744166919156,0.5847009020400029,22,True
reported,events,GDP,1,2022,3.1824689591465116,4.896523459931161,4.873011143944163,23,True
reported,events,GDP,1,2023,3.34218413741052,3.6314059460744263,3.5804951591089087,24,True
reported,events,GDP,1,2024,2.983715695370215,3.6368374125641156,3.643617595534055,25,True
reported,events,GDP,1,2025,4.899169389307367,3.5731145550943735,3.5725088525656123,26,True
reported,events,FDIP,1,2023,8.192091818958147,10.8099185135754,8.741918669955183,12,True
reported,events,FDIP,1,2024,5.758058421883305,7.845956598912625,9.785842503366146,13,True
reported,events,FDIP,1,2025,-4.935181765416274,7.226082585503601,8.818940933991017,14,True
reported,events,IDPC,1,2022,16.13299647790356,7.208858672802041,8.068299145143698,12,True
reported,events,IDPC,1,2023,9.502729676274768,9.841059130696017,8.883257576702839,13,True
reported,events,IDPC,1,2024,8.86925351611012,7.7435568698233785,9.045620389321755,14,True
reported,events,IDPC,1,2025,-6.948900750086295,7.621858710737619,7.9131260424650005,15,True
reported,events,Poverty,1,2014,-1.0,-1.6388330865182168,-1.6186474089638387,15,True
reported,events,Poverty,1,2015,-1.0999999999999996,-1.4588205425075231,-1.4592309199468947,16,True
reported,events,Poverty,1,2016,-0.8000000000000007,-1.4135845848740511,-1.344978445447075,17,True
reported,events,Poverty,1,2017,-0.7999999999999989,-1.309683051475671,-1.192643684888116,18,True
reported,events,Poverty,1,2018,-0.7000000000000011,-1.226298573072542,-1.1231908425037618,19,True
reported,fatalities,GDP,1,2021,12.570981741140308,1.3727744166919156,0.7932925329192466,22,True
reported,fatalities,GDP,1,2022,3.1824689591465116,4.896523459931161,5.245640671364809,23,True
reported,fatalities,GDP,1,2023,3.34218413741052,3.6314059460744263,3.605999683931949,24,True
reported,fatalities,GDP,1,2024,2.983715695370215,3.6368374125641156,3.673013700042414,25,True
reported,fatalities,GDP,1,2025,4.899169389307367,3.5731145550943735,3.6476189257363334,26,True
reported,fatalities,FDIP,1,2023,8.192091818958147,10.8099185135754,10.333149744783013,12,True
reported,fatalities,FDIP,1,2024,5.758058421883305,7.845956598912625,8.161107765196867,13,True
reported,fatalities,FDIP,1,2025,-4.935181765416274,7.226082585503601,7.222302888521718,14,True
reported,fatalities,IDPC,1,2022,16.13299647790356,7.208858672802041,6.903125637308708,12,True
reported,fatalities,IDPC,1,2023,9.502729676274768,9.841059130696017,10.745816711632752,13,True
reported,fatalities,IDPC,1,2024,8.86925351611012,7.7435568698233785,7.887104876597366,14,True
reported,fatalities,IDPC,1,2025,-6.948900750086295,7.621858710737619,6.645174942397006,15,True
reported,fatalities,Poverty,1,2014,-1.0,-1.6388330865182168,-1.7030349132646538,15,True
reported,fatalities,Poverty,1,2015,-1.0999999999999996,-1.4588205425075231,-1.459029484919567,16,True
reported,fatalities,Poverty,1,2016,-0.8000000000000007,-1.4135845848740511,-1.4134166094286673,17,True
reported,fatalities,Poverty,1,2017,-0.7999999999999989,-1.309683051475671,-1.3080139772044042,18,True
reported,fatalities,Poverty,1,2018,-0.7000000000000011,-1.226298573072542,-1.230729036055818,19,True
fixed_cohort,events,GDP,1,2021,12.570981741140308,1.3727744166919156,0.7378215240913581,22,True
fixed_cohort,events,GDP,1,2022,3.1824689591465116,4.896523459931161,4.110475005574001,23,True
fixed_cohort,events,GDP,1,2023,3.34218413741052,3.6314059460744263,3.756686747876509,24,True
fixed_cohort,events,GDP,1,2024,2.983715695370215,3.6368374125641156,3.422143683833266,25,True
fixed_cohort,events,GDP,1,2025,4.899169389307367,3.5731145550943735,3.667674700822052,26,True
fixed_cohort,events,FDIP,1,2023,8.192091818958147,10.8099185135754,4.57285721555283,12,True
fixed_cohort,events,FDIP,1,2024,5.758058421883305,7.845956598912625,7.405822658073815,13,True
fixed_cohort,events,FDIP,1,2025,-4.935181765416274,7.226082585503601,5.841794363087811,14,True
fixed_cohort,events,IDPC,1,2022,16.13299647790356,7.208858672802041,6.177819376883465,12,True
fixed_cohort,events,IDPC,1,2023,9.502729676274768,9.841059130696017,-1.3404129961626445,13,True
fixed_cohort,events,IDPC,1,2024,8.86925351611012,7.7435568698233785,6.42957162640061,14,True
fixed_cohort,events,IDPC,1,2025,-6.948900750086295,7.621858710737619,5.766101083437691,15,True
fixed_cohort,events,Poverty,1,2014,-1.0,-1.6388330865182168,-1.5109310259920412,15,True
fixed_cohort,events,Poverty,1,2015,-1.0999999999999996,-1.4588205425075231,-1.3394878524986291,16,True
fixed_cohort,events,Poverty,1,2016,-0.8000000000000007,-1.4135845848740511,-1.5184007232783998,17,True
fixed_cohort,events,Poverty,1,2017,-0.7999999999999989,-1.309683051475671,-1.3358855855806877,18,True
fixed_cohort,events,Poverty,1,2018,-0.7000000000000011,-1.226298573072542,-1.1822155018551543,19,True
fixed_cohort,fatalities,GDP,1,2021,12.570981741140308,1.3727744166919156,1.3628921519446333,22,True
fixed_cohort,fatalities,GDP,1,2022,3.1824689591465116,4.896523459931161,4.99307614344684,23,True
fixed_cohort,fatalities,GDP,1,2023,3.34218413741052,3.6314059460744263,3.635946630392588,24,True
fixed_cohort,fatalities,GDP,1,2024,2.983715695370215,3.6368374125641156,3.6539891868499765,25,True
fixed_cohort,fatalities,GDP,1,2025,4.899169389307367,3.5731145550943735,3.5678025410286787,26,True
fixed_cohort,fatalities,FDIP,1,2023,8.192091818958147,10.8099185135754,8.405093739304203,12,True
fixed_cohort,fatalities,FDIP,1,2024,5.758058421883305,7.845956598912625,8.93300761302865,13,True
fixed_cohort,fatalities,FDIP,1,2025,-4.935181765416274,7.226082585503601,7.057785448081003,14,True
fixed_cohort,fatalities,IDPC,1,2022,16.13299647790356,7.208858672802041,7.284609831737452,12,True
fixed_cohort,fatalities,IDPC,1,2023,9.502729676274768,9.841059130696017,9.419608961286631,13,True
fixed_cohort,fatalities,IDPC,1,2024,8.86925351611012,7.7435568698233785,8.339969391374465,14,True
fixed_cohort,fatalities,IDPC,1,2025,-6.948900750086295,7.621858710737619,6.773313677809516,15,True
fixed_cohort,fatalities,Poverty,1,2014,-1.0,-1.6388330865182168,-1.614529044202137,15,True
fixed_cohort,fatalities,Poverty,1,2015,-1.0999999999999996,-1.4588205425075231,-1.4487328997552245,16,True
fixed_cohort,fatalities,Poverty,1,2016,-0.8000000000000007,-1.4135845848740511,-1.4361413653210886,17,True
fixed_cohort,fatalities,Poverty,1,2017,-0.7999999999999989,-1.309683051475671,-1.3547881919164586,18,True
fixed_cohort,fatalities,Poverty,1,2018,-0.7000000000000011,-1.226298573072542,-1.2406811922854595,19,True
