metric,year,countries_with_rows,rows,fixed_cohort_countries
events,1997,48,576,46
events,1998,48,576,46
events,1999,48,576,46
events,2000,48,576,46
events,2001,48,576,46
events,2002,48,576,46
events,2003,48,576,46
events,2004,48,576,46
events,2005,48,576,46
events,2006,48,576,46
events,2007,48,576,46
events,2008,48,576,46
events,2009,48,576,46
events,2010,57,684,46
events,2011,58,696,46
events,2012,58,696,46
events,2013,58,696,46
events,2014,58,696,46
events,2015,62,733,46
events,2016,75,892,46
events,2017,78,930,46
events,2018,163,1939,46
events,2019,163,1939,46
events,2020,215,2551,46
events,2021,247,2946,46
events,2022,168,1400,46
events,2023,173,1398,46
events,2024,175,1389,46
events,2025,163,1372,46
fatalities,1997,48,48,46
fatalities,1998,48,48,46
fatalities,1999,48,48,46
fatalities,2000,48,48,46
fatalities,2001,48,48,46
fatalities,2002,48,48,46
fatalities,2003,48,48,46
fatalities,2004,48,48,46
fatalities,2005,48,48,46
fatalities,2006,48,48,46
fatalities,2007,48,48,46
fatalities,2008,48,48,46
fatalities,2009,48,48,46
fatalities,2010,57,57,46
fatalities,2011,58,58,46
fatalities,2012,58,58,46
fatalities,2013,58,58,46
fatalities,2014,58,58,46
fatalities,2015,62,62,46
fatalities,2016,75,75,46
fatalities,2017,78,78,46
fatalities,2018,163,163,46
fatalities,2019,163,163,46
fatalities,2020,215,215,46
fatalities,2021,247,247,46
fatalities,2022,218,218,46
fatalities,2023,215,215,46
fatalities,2024,218,218,46
fatalities,2025,211,211,46
