scope,metric,indicator,lag_years,level_n,level_pearson_r,change_n,change_pearson_r,change_spearman_r
reported,events,GDP,0,29,0.8005450573276403,28,0.10837382158963753,0.031746031746031744
reported,events,GDP,1,28,0.7769009671772972,27,-0.05313172406127705,-0.16788766788766787
reported,events,GDP,2,27,0.7585990551491729,26,-0.4688558410710559,-0.5446153846153846
reported,events,FDIP,0,16,0.9528608211459416,15,0.08896223360783706,0.175
reported,events,FDIP,1,16,0.9235984299795726,15,-0.48874928661695666,-0.3892857142857143
reported,events,FDIP,2,16,0.9053201272506769,15,0.13353848564977686,-0.039285714285714285
reported,events,IDPC,0,17,0.9353858708445447,16,-0.19650534126198155,-0.1588235294117647
reported,events,IDPC,1,17,0.9104668650679747,16,-0.40877322354684426,-0.3235294117647059
reported,events,IDPC,2,17,0.8991762563204911,16,0.2492758368249986,0.047058823529411764
reported,events,Poverty,0,27,-0.699375544283341,25,0.022776754385939527,0.1373605334458068
reported,events,Poverty,1,26,-0.6697676674059206,24,0.1727746947056399,0.3436276967090778
reported,events,Poverty,2,25,-0.6359319943182412,23,0.2011829682714584,0.27681664281629526
reported,fatalities,GDP,0,29,0.6725119473996591,28,-0.1471952973349475,-0.2134646962233169
reported,fatalities,GDP,1,28,0.6230361789914034,27,0.03271233692572009,-0.1288156288156288
reported,fatalities,GDP,2,27,0.5489777123217828,26,-0.23989531174789722,-0.4386324786324786
reported,fatalities,FDIP,0,16,0.9032600945129092,15,-0.09201713142455532,-0.0035714285714285713
reported,fatalities,FDIP,1,16,0.877829567450975,15,-0.2502061820673683,-0.26071428571428573
reported,fatalities,FDIP,2,16,0.8625987872212737,15,-0.21820681832401617,-0.18928571428571428
reported,fatalities,IDPC,0,17,0.8904603392827446,16,-0.21755618606132368,-0.25588235294117645
reported,fatalities,IDPC,1,17,0.8573561654807287,16,-0.46463425862498864,-0.5058823529411764
reported,fatalities,IDPC,2,17,0.8464541096049927,16,-0.21857167426948948,-0.22941176470588234
reported,fatalities,Poverty,0,27,-0.5845339185336678,25,0.2811768384844966,0.25894576753229126
reported,fatalities,Poverty,1,26,-0.511375607984909,24,0.09257239679111741,0.2274902346567692
reported,fatalities,Poverty,2,25,-0.4266284996528576,23,0.20585862117865805,0.1418685294433513
fixed_cohort,events,GDP,0,29,0.8382000954961889,28,0.15697462401400014,0.04597701149425287
fixed_cohort,events,GDP,1,28,0.8213852369632643,27,-0.23197046664964532,-0.22832722832722832
fixed_cohort,events,GDP,2,27,0.8028830020290207,26,-0.5814068014421473,-0.5794871794871795
fixed_cohort,events,FDIP,0,16,0.9758061795428458,15,0.05196993763165197,0.03214285714285714
fixed_cohort,events,FDIP,1,16,0.9835583450516444,15,0.4701821785661954,0.5107142857142857
fixed_cohort,events,FDIP,2,16,0.9790946032808208,15,0.6480121851093246,0.6214285714285714
fixed_cohort,events,IDPC,0,17,0.9775483912956093,16,0.19174180859948312,0.17058823529411765
fixed_cohort,events,IDPC,1,17,0.985250867493675,16,0.508468833236975,0.6676470588235294
fixed_cohort,events,IDPC,2,17,0.9771778756765612,16,0.5855354024177601,0.4294117647058823
fixed_cohort,events,Poverty,0,27,-0.7500779822154732,25,-0.0012740651811182424,-0.04694113467895918
fixed_cohort,events,Poverty,1,26,-0.7301857619943253,24,0.3460634372015229,0.2822966774230272
fixed_cohort,events,Poverty,2,25,-0.7183770817722507,23,0.22480307552440731,0.12802769730253655
fixed_cohort,fatalities,GDP,0,29,0.06000067509918559,28,-0.14112522966292423,-0.2222222222222222
fixed_cohort,fatalities,GDP,1,28,-0.04703003249967553,27,-0.022895343238079163,-0.21184371184371184
fixed_cohort,fatalities,GDP,2,27,-0.15258169384638703,26,-0.23920484372479564,-0.2970940170940171
fixed_cohort,fatalities,FDIP,0,16,0.9506306471250107,15,0.09657001820755107,0.02857142857142857
fixed_cohort,fatalities,FDIP,1,16,0.95241197005426,15,0.3380635851953699,0.4714285714285714
fixed_cohort,fatalities,FDIP,2,16,0.9180476936061422,15,-0.06007959648696482,-0.04642857142857143
fixed_cohort,fatalities,IDPC,0,17,0.9654976385245493,16,0.16619552047378666,0.13529411764705881
fixed_cohort,fatalities,IDPC,1,17,0.9656742941318327,16,0.3029061097540939,0.38529411764705884
fixed_cohort,fatalities,IDPC,2,17,0.9225388366958537,16,-0.1112770977376451,-0.20588235294117646
fixed_cohort,fatalities,Poverty,0,27,0.09300762216196579,25,0.24656253432882472,0.2908811296499438
fixed_cohort,fatalities,Poverty,1,26,0.16852146355283257,24,0.16372487608495886,0.31013487057414235
fixed_cohort,fatalities,Poverty,2,25,0.2518304469229398,23,0.19778319696368263,0.15323778441616343
recent_2020_plus,events,GDP,0,6,0.9068929256817533,5,-0.6713396931549391,-0.9
recent_2020_plus,events,GDP,1,5,0.9834037133078811,4,0.13172726747958222,0.6
recent_2020_plus,events,GDP,2,4,0.961052305097729,3,-0.17082289559907882,-0.5
recent_2020_plus,events,FDIP,0,6,0.9469457637893111,5,0.7984076128219294,0.5
recent_2020_plus,events,FDIP,1,5,0.7526762342702226,4,-0.5081967034882812,-0.4
recent_2020_plus,events,FDIP,2,4,0.5920939314739185,3,-0.17946264196579345,-0.5
recent_2020_plus,events,IDPC,0,6,0.9547080149619013,5,0.7004532612855281,0.3
recent_2020_plus,events,IDPC,1,5,0.7853833614014131,4,-0.33264061229038144,-0.4
recent_2020_plus,events,IDPC,2,4,0.6126494895162328,3,-0.0392474043299562,-0.5
recent_2020_plus,events,Poverty,0,5,-0.9900931990515779,4,-0.9326980072074686,-0.8
recent_2020_plus,events,Poverty,1,4,-0.9148830561098873,3,0.5045564150863762,0.5
recent_2020_plus,events,Poverty,2,3,-0.8308931036056513,2,1.0,1.0
recent_2020_plus,fatalities,GDP,0,6,0.9151237924677615,5,-0.0013769163988652665,-0.5
recent_2020_plus,fatalities,GDP,1,5,0.9859127307319774,4,0.7560577003911844,0.2
recent_2020_plus,fatalities,GDP,2,4,0.9971392711625467,3,0.7016864248739498,1.0
recent_2020_plus,fatalities,FDIP,0,6,0.8977856076947305,5,0.24983568985644028,0.1
recent_2020_plus,fatalities,FDIP,1,5,0.7037509003408986,4,-0.5913960096856822,-0.8
recent_2020_plus,fatalities,FDIP,2,4,0.6442557185677074,3,-0.41291899704286444,-0.5
recent_2020_plus,fatalities,IDPC,0,6,0.9249830017134101,5,0.5301647223657489,0.0
recent_2020_plus,fatalities,IDPC,1,5,0.7158296200551727,4,-0.7325043876172194,-0.8
recent_2020_plus,fatalities,IDPC,2,4,0.6342637411943282,3,-0.5369684779381735,-0.5
recent_2020_plus,fatalities,Poverty,0,5,-0.9396420407948006,4,0.5807867064471544,0.4
recent_2020_plus,fatalities,Poverty,1,4,-0.9679284973874143,3,0.07715206892410363,0.5
recent_2020_plus,fatalities,Poverty,2,3,-0.9989012296118599,2,-1.0,-1.0
