"Data Source","LAC Equity Lab",

"Last Updated Date","2016-04-06",

"Country Name","Country Code","Indicator Name","Indicator Code","2000","2001","2002","2003","2004","2005","2006","2007","2008","2009","2010","2011","2012","2013","2014",
"Andean Region","ANR","Vulnerable ($4-10 a day) Headcount","1.0.HCount.Vul4to10","29.0836639404297","29.7038536071777","31.9354667663574","33.467170715332","33.5760536193848","34.7787055969238","36.1608276367188","36.3728790283203","37.3887329101563","38.5626220703125","39.5178260803223","39.9529151916504","39.4233245849609","39.5829772949219","40.5259246826172",
"Argentina","ARG","Vulnerable ($4-10 a day) Headcount","1.0.HCount.Vul4to10","","","","","36.1746139526367","35.9831733703613","34.5379753112793","35.4365768432617","34.4508285522461","33.086311340332","34.2530670166016","32.5378723144531","32.9825668334961","32.8215713500977","36.4021224975586",
"Bolivia","BOL","Vulnerable ($4-10 a day) Headcount","1.0.HCount.Vul4to10","26.2339744567871","28.6466445922852","28.510627746582","","","28.7030601501465","32.197940826416","33.3023262023926","38.2812767028809","41.7376976013184","","41.955738067627","39.699577331543","39.9147338867188","40.9519004821777",
"Brazil","BRA","Vulnerable ($4-10 a day) Headcount","1.0.HCount.Vul4to10","","32.8027076721191","33.2892951965332","33.2318382263184","34.7383003234863","35.6812973022461","37.1324005126953","37.6591415405273","38.5554428100586","38.4933319091797","","37.9922561645508","36.1388778686523","","35.2287750244141",
"Chile","CHL","Vulnerable ($4-10 a day) Headcount","1.0.HCount.Vul4to10","40.7266464233398","","","42.0660858154297","","","41.8453903198242","","","41.1270790100098","","40.5811920166016","","35.8078269958496","",
"Colombia","COL","Vulnerable ($4-10 a day) Headcount","1.0.HCount.Vul4to10","","27.4224891662598","30.6997985839844","33.4637107849121","32.4097480773926","34.903621673584","","","34.9543342590332","35.8372688293457","36.8416328430176","38.0637626647949","37.7291297912598","37.6823844909668","38.6665954589844",
"Costa Rica","CRI","Vulnerable ($4-10 a day) Headcount","1.0.HCount.Vul4to10","","","","","","","","","","","38.6435775756836","37.1854629516602","36.1629486083984","35.8580474853516","35.76171875",
"Dominican Republic","DOM","Vulnerable ($4-10 a day) Headcount","1.0.HCount.Vul4to10","38.6516609191895","39.8706321716309","40.8395233154297","38.6140174865723","35.184398651123","39.1936416625977","39.1449165344238","42.048210144043","40.9380302429199","42.1585922241211","40.8152313232422","42.3455047607422","44.1314582824707","43.8133201599121","",
"Ecuador","ECU","Vulnerable ($4-10 a day) Headcount","1.0.HCount.Vul4to10","23.7398834228516","","","33.1240577697754","34.2656478881836","36.080940246582","38.9648742675781","38.3004570007324","40.1619644165039","41.095100402832","42.1011352539063","43.0397872924805","42.6905174255371","43.54443359375","45.3133697509766",
"Guatemala","GTM","Vulnerable ($4-10 a day) Headcount","1.0.HCount.Vul4to10","30.3953094482422","","","","","","32.7788581848145","","","","","","","","30.4683876037598",
"Honduras","HND","Vulnerable ($4-10 a day) Headcount","1.0.HCount.Vul4to10","","30.4846611022949","24.8107070922852","24.4791870117188","24.7319526672363","24.2372894287109","28.2914428710938","28.6886787414551","32.3417320251465","33.6626892089844","31.0537071228027","29.9487838745117","27.5995674133301","29.1950721740723","31.4858856201172",
"Latin America and the Caribbean","LCR","Vulnerable ($4-10 a day) Headcount","1.0.HCount.Vul4to10","34.0265159606934","34.408275604248","35.1657981872559","35.5620269775391","36.3000679016113","36.9375381469727","38.1712989807129","38.3212242126465","38.6307983398438","39.1380233764648","39.5740814208984","39.267951965332","38.3032302856445","38.3482437133789","38.8875770568848",
"Central America","MCA","Vulnerable ($4-10 a day) Headcount","1.0.HCount.Vul4to10","33.0594673156738","33.7860221862793","33.3303337097168","32.9464645385742","33.1704216003418","34.1310997009277","35.6366920471191","36.467903137207","36.5312461853027","36.819019317627","36.0953254699707","36.3277702331543","36.4689445495605","36.6420860290527","37.2033195495605",
"Mexico","MEX","Vulnerable ($4-10 a day) Headcount","1.0.HCount.Vul4to10","38.7530517578125","","41.1073112487793","","41.8161087036133","41.6537780761719","43.0507431030273","","41.3764038085938","","44.3299331665039","","43.0746536254883","","45.7031860351563",
"Nicaragua","NIC","Vulnerable ($4-10 a day) Headcount","1.0.HCount.Vul4to10","","","","","","31.0502624511719","","","","36.3969535827637","","","","","42.9670448303223",
"Panama","PAN","Vulnerable ($4-10 a day) Headcount","1.0.HCount.Vul4to10","","","","","","","","","36.9840698242188","38.2778778076172","37.6390151977539","36.147403717041","35.6164169311523","34.2460136413574","34.4882774353027",
"Peru","PER","Vulnerable ($4-10 a day) Headcount","1.0.HCount.Vul4to10","","","","","36.6908264160156","36.0430107116699","37.0501861572266","37.8447113037109","39.3376235961914","40.2924880981445","41.3696212768555","40.548267364502","40.2767486572266","40.2292556762695","40.6282272338867",
"Paraguay","PRY","Vulnerable ($4-10 a day) Headcount","1.0.HCount.Vul4to10","","37.5704460144043","34.3416175842285","36.1213035583496","38.8204879760742","39.4884757995605","37.9574966430664","39.5963096618652","40.0687980651855","40.8653945922852","41.120735168457","39.1567840576172","41.339469909668","39.4512405395508","39.9931030273438",
"Southern Cone","SCE","Vulnerable ($4-10 a day) Headcount","1.0.HCount.Vul4to10","37.4406623840332","37.0048370361328","36.5886650085449","37.7678833007813","38.6041641235352","38.4991912841797","37.644645690918","37.9524459838867","37.3497924804688","36.892951965332","37.4371566772461","36.0173568725586","35.6513671875","34.4658508300781","36.0613021850586",
"El Salvador","SLV","Vulnerable ($4-10 a day) Headcount","1.0.HCount.Vul4to10","","","","","39.6583099365234","38.8104057312012","43.6131477355957","44.6929473876953","40.6412048339844","43.2184219360352","42.5265007019043","45.0665092468262","47.166618347168","47.7707672119141","47.2065696716309",
"Uruguay","URY","Vulnerable ($4-10 a day) Headcount","1.0.HCount.Vul4to10","32.9342727661133","35.5991859436035","37.4766235351563","41.1228218078613","39.3805541992188","39.3877601623535","38.6038017272949","37.1043701171875","36.189395904541","34.8789253234863","34.7931213378906","31.8978691101074","31.2560062408447","28.4829902648926","27.1192989349365",
"Venezuela, RB","VEN","Vulnerable ($4-10 a day) Headcount","1.0.HCount.Vul4to10","","","","","","","","","","","","","","","",
