"Country Code","Region","IncomeGroup","SpecialNotes","TableName",
"ARG","Latin America & Caribbean","Upper middle income","Due to the limitations of the Atlas method in classifying countries experiencing persistent high inflation, this economy remains classified as upper-middle-income.
The World Bank systematically assesses the appropriateness of official exchange rates as conversion factors. In this country, multiple or dual exchange rate activity exists and must be accounted for appropriately in underlying statistics. An alternative estimate (“alternative conversion factor” - PA.NUS.ATLS) is thus calculated as a weighted average of the different exchange rates in use in the country. Doing so better reflects economic reality and leads to more accurate cross-country comparisons and country classifications by income level. For this country, this applies to the period 1971-2018. Alternative conversion factors are used in the Atlas methodology and elsewhere in World Development Indicators as single-year conversion factors.","Argentina",
"BOL","Latin America & Caribbean","Lower middle income","","Bolivia",
"BRA","Latin America & Caribbean","Upper middle income","","Brazil",
"CHL","Latin America & Caribbean","High income","","Chile",
"COL","Latin America & Caribbean","Upper middle income","","Colombia",
"CRI","Latin America & Caribbean","High income","","Costa Rica",
"DOM","Latin America & Caribbean","Upper middle income","","Dominican Republic",
"ECU","Latin America & Caribbean","Upper middle income","","Ecuador",
"GTM","Latin America & Caribbean","Upper middle income","The World Bank systematically assesses the appropriateness of official exchange rates as conversion factors. In this country, multiple or dual exchange rate activity exists and must be accounted for appropriately in underlying statistics. An alternative estimate (“alternative conversion factor” - PA.NUS.ATLS) is thus calculated as a weighted average of the different exchange rates in use in the country. Doing so better reflects economic reality and leads to more accurate cross-country comparisons and country classifications by income level. For this country, this applies to the period 1985-2003. Alternative conversion factors are used in the Atlas methodology and elsewhere in World Development Indicators as single-year conversion factors.","Guatemala",
"HND","Latin America & Caribbean","Lower middle income","The World Bank systematically assesses the appropriateness of official exchange rates as conversion factors. In this country, multiple or dual exchange rate activity exists and must be accounted for appropriately in underlying statistics. An alternative estimate (“alternative conversion factor” - PA.NUS.ATLS) is thus calculated as a weighted average of the different exchange rates in use in the country. Doing so better reflects economic reality and leads to more accurate cross-country comparisons and country classifications by income level. For this country, this applies to the period 1988-1989. Alternative conversion factors are used in the Atlas methodology and elsewhere in World Development Indicators as single-year conversion factors.","Honduras",
"MEX","Latin America & Caribbean","Upper middle income","","Mexico",
"NIC","Latin America & Caribbean","Lower middle income","The World Bank systematically assesses the appropriateness of official exchange rates as conversion factors. In this country, multiple or dual exchange rate activity exists and must be accounted for appropriately in underlying statistics. An alternative estimate (“alternative conversion factor” - PA.NUS.ATLS) is thus calculated as a weighted average of the different exchange rates in use in the country. Doing so better reflects economic reality and leads to more accurate cross-country comparisons and country classifications by income level. For this country, this applies to the period 1988-2006. Alternative conversion factors are used in the Atlas methodology and elsewhere in World Development Indicators as single-year conversion factors.","Nicaragua",
"PAN","Latin America & Caribbean","High income","","Panama",
"PER","Latin America & Caribbean","Upper middle income","The World Bank systematically assesses the appropriateness of official exchange rates as conversion factors. In this country, multiple or dual exchange rate activity exists and must be accounted for appropriately in underlying statistics. An alternative estimate (“alternative conversion factor” - PA.NUS.ATLS) is thus calculated as a weighted average of the different exchange rates in use in the country. Doing so better reflects economic reality and leads to more accurate cross-country comparisons and country classifications by income level. For this country, this applies to the period 1988-2009. Alternative conversion factors are used in the Atlas methodology and elsewhere in World Development Indicators as single-year conversion factors.","Peru",
"PRY","Latin America & Caribbean","Upper middle income","The World Bank systematically assesses the appropriateness of official exchange rates as conversion factors. In this country, multiple or dual exchange rate activity exists and must be accounted for appropriately in underlying statistics. An alternative estimate (“alternative conversion factor” - PA.NUS.ATLS) is thus calculated as a weighted average of the different exchange rates in use in the country. Doing so better reflects economic reality and leads to more accurate cross-country comparisons and country classifications by income level. For this country, this applies to the period 1982-1988. Alternative conversion factors are used in the Atlas methodology and elsewhere in World Development Indicators as single-year conversion factors. Kindly note that GDP per capita and GNI per capita reported are calculated from the UN WPP data which likely creates discrepancy with the official per capita figures, calculated from the latest population census results.","Paraguay",
"SLV","Latin America & Caribbean","Upper middle income","","El Salvador",
"URY","Latin America & Caribbean","High income","General Government final consumption expenditure includes Non-Profit Institutions Serving Households final concumption expenditure","Uruguay",
"VEN","Latin America & Caribbean","Lower middle income","National Accounts data for the period 1960–2014 are sourced from the Central Bank of Venezuela. Estimates for 2015–2024 are derived from the IMF World Economic Outlook (WEO), following methodological consultations with the IMF’s Latin America and the Caribbean (LAC) and Statistics Departments. Final estimates were reviewed by the World Bank Group's Prosperity Vertical.","Venezuela, RB",
