code,label,category,metric,lag,n,status,partial_r,p,first_year,last_year,no_pandemic_response_r,fixed_cohort_r,fixed_cohort_p,fixed_cohort_countries,arimax_beta,arimax_p,arimax_converged,arimax_ljung_box_p,arimax_aic_improvement,arimax_warnings,q_bh,arimax_q_bh,fixed_cohort_q_bh
SH.XPD.CHEX.GD.ZS,Health spending / GDP,Healthcare,civilian_targeting,2,23,ok,0.7039827892265296,3.093436519654626e-06,2001.0,2023.0,0.2257068664354776,0.228007034995861,0.1167358161693866,45.0,0.7913021469940034,0.0037796639628142,True,0.3122543481178897,13.455606761795323,,0.0014693823468359,0.0558991667841412,0.650104977806889
SN.ITK.DEFC.ZS,Undernourishment,Healthcare,demonstrations,1,22,ok,0.5020285402001142,1.841160701082047e-05,2002.0,2023.0,0.455732854553555,0.2663867374087041,0.0528812225150949,45.0,0.2746076066723956,0.0013384839791249,True,0.1952453124075638,5.74906559335561,,0.0043727566650698,0.0254311956033747,0.516345606352445
SH.IMM.IDPT,DPT immunization,Healthcare,civilian_targeting,2,25,ok,-0.5244205331114336,9.9391334883806e-05,2000.0,2024.0,-0.3952674783459651,0.0255136194353492,0.8893340283853636,45.0,-0.6088345353069062,0.0152716774534108,True,0.4104856315810993,6.7767931903500624,,0.0119954095221666,0.1686987625667479,0.9846938542728384
SH.XPD.OOPC.CH.ZS,Out-of-pocket health spending,Healthcare,civilian_targeting,2,23,ok,-0.7541695414915341,0.0001010139749235,2001.0,2023.0,-0.1489776570194776,-0.2368975723096198,0.0806809113411352,45.0,-0.8660227506641519,4.178492038266709e-06,True,0.0514159250373344,17.124630855952624,,0.0119954095221666,0.000248097964772,0.5726651966282476
IT.NET.USER.ZS,Internet use,Social,demonstrations,1,20,ok,0.5233248221370245,0.0003271572672056,2006.0,2025.0,0.6471659836370559,0.5079730604620164,0.1130011661269404,45.0,0.927033539110003,9.282636191387554e-09,True,0.5754130256880214,2.747378076107765,,0.031079940384539,1.6524233079925236e-06,0.6490500906783201
NE.CON.PRVT.PC.KD,Real consumption per capita,Economic,civilian_targeting,2,25,ok,-0.7521316346485554,0.0006908640148309,2000.0,2024.0,-0.1183479694053,-0.1174826899474704,0.3584203739963002,45.0,-0.8717548195842874,1.4340239509908393e-08,True,0.8830349185600186,17.62203237080525,,0.0364622674494091,1.6524233079925236e-06,0.7390264207408067
SL.UEM.TOTL.ZS,Unemployment,Economic,civilian_targeting,2,26,ok,0.6944114208654263,0.0006712415178968,2000.0,2025.0,0.2261117687370085,0.0692325524362053,0.6871298741697224,45.0,0.8215557667181527,2.472852123634589e-07,True,0.3912167583551663,15.64896590118461,,0.0364622674494091,1.9576745978773823e-05,0.8753942591933246
BX.KLT.DINV.WD.GD.ZS,FDI inflows / GDP,Economic,demonstrations,2,26,ok,-0.31507516567042,0.0006039490782445,2000.0,2025.0,-0.3606681512768567,0.2678050939781704,0.0402660926598594,45.0,-0.4071412210796973,0.3244660336546956,True,0.103722523169305,0.8296826614039219,,0.0364622674494091,0.9629566774605726,0.4970806205830756
SP.DYN.IMRT.IN,Infant mortality,Healthcare,demonstrations,2,25,ok,0.4421719733623253,0.0004753352908336,2000.0,2024.0,0.3474789808950997,0.4673384390095099,0.0107471583350422,45.0,0.5003416574076486,0.1185246831761476,True,0.9349209632505058,2.1187481104114525,,0.0364622674494091,0.6053680054695714,0.2320409185975026
