outcome_year_date,reported_events,events_per_100k_world_population,outcome_level,outcome_change,exposure_change_at_response_year,exposure_change_detrended_standardized,outcome_change_detrended_standardized,aligned_exposure_year
1997-01-01,1011,0.017111867696985975,,,,,,1995
1998-01-01,1284,0.02142238358451357,,,,,,1996
1999-01-01,1044,0.017176505544921002,,,,,,1997
2000-01-01,1364,0.02213736414406741,8.60047796448668,,0.422904085050713,,,1998
2001-01-01,1258,0.020144955064282113,8.98669805661323,0.38622009212654973,-0.4165492487544439,0.20099683234475685,0.8369205294756665,1999
2002-01-01,1810,0.028606780614159305,9.33304326263168,0.34634520601844976,0.4865232820091041,0.3758753727198902,0.7285991480895136,2000
2003-01-01,1539,0.024011786329015863,9.48254660035279,0.1495033377211108,-0.19511599284211742,0.11781463544226656,0.1399314717267427,2001
2004-01-01,1385,0.0213327841680143,9.37456805162795,-0.1079785487248408,0.8260516410372825,0.32495646082364144,-0.6343052181874518,2002
2005-01-01,1121,0.017048366490545436,9.30493157332252,-0.06963647830542996,-0.4477209779598694,-0.09487361607797773,-0.5032690942669076,2003
2006-01-01,952,0.014295290197364937,9.21922617412957,-0.08570539919294973,-0.26196111224174035,-0.11596309080541534,-0.5387400772281117,2004
2007-01-01,1338,0.019839712036467026,9.05877007772008,-0.1604560964094901,-0.42037515755413357,-0.2310800119748725,-0.7537875128238498,2005
2008-01-01,1970,0.02884299671352632,9.05444921266241,-0.00432086505766982,-0.2710597953000644,-0.2621260333426769,-0.26228380751569347,2006
2009-01-01,1339,0.019360431413082423,9.78720427630434,0.73275506364193,0.5451393898267818,-0.11098107239439797,2.0069995790996655,2007
2010-01-01,3517,0.05023668468341347,9.45322811532614,-0.3339761609781995,0.878939681562151,-0.0916262752509345,-1.2436809838043708,2008
2011-01-01,3661,0.05166012192916803,9.31161104990118,-0.14161706542496155,-0.9259464095431648,-0.6565552162813243,-0.6413259471129702,2009
2012-01-01,4932,0.06872447930064632,9.32361659254147,0.012005542640290301,2.984015014621705,0.3397978034779323,-0.15751130653385373,2010
2013-01-01,5844,0.08043598686579269,9.29032296221062,-0.03329363033084931,0.1354431348753668,-0.5102634687622964,-0.2824319501419828,2011
2014-01-01,6574,0.08939921388306671,9.39433129675668,0.10400833454606051,1.6095877866311477,-0.1793694619319916,0.15143868069816752,2012
2015-01-01,7791,0.10470247604709085,9.6649830947051,0.2706517979484193,1.0898789250235532,-0.3931912177801108,0.6750994056663271,2013
2016-01-01,13234,0.1757918501883139,9.78596013948253,0.12097704477742965,0.8261713144745941,-0.5370740760199476,0.2307713138434615,2014
2017-01-01,20159,0.26476962933245485,9.66567188284731,-0.12028825663522014,1.3949681906929663,-0.4535188033222126,-0.49383980240372644,2015
2018-01-01,36917,0.4796807928204683,9.57530680594515,-0.09036507690215956,6.2365789402530405,0.7973584678076612,-0.38856694979412637,2016
2019-01-01,36327,0.4670983808311015,9.69075766722247,0.11545086127732063,7.294815872435803,1.0146275322073173,0.2549683683006968,2017
2020-01-01,36006,0.45844954721969466,10.7456485237635,1.0548908565410287,15.693638959133832,3.237326262760556,3.143521032153489,2018
2021-01-01,41512,0.5241700055635421,10.2930274941778,-0.45262102958569983,-0.8539824476786362,-1.3552808690888596,-1.4560250991589383,2019
2022-01-01,51388,0.643270664977073,10.00575627569,-0.287271218487799,-0.591264202163394,-1.3553455081075967,-0.9363231754798623,2020
2023-01-01,54827,0.6799890953249271,10.0604465994699,0.054690323779899686,4.407608576151523,-0.061504646443407585,0.12384139539811469,2021
2024-01-01,60270,0.7403360603634023,,,7.523856050692713,,,2022
2025-01-01,67274,0.8188742624538045,,,2.2098738759136705,,,2023
